/*
Navicat MySQL Data Transfer

Source Server         : localhost
Source Server Version : 120002
Source Host           : localhost:3306
Source Database       : gps_track_db

Target Server Type    : MYSQL
Target Server Version : 120002
File Encoding         : 65001

Date: 2025-09-17 23:23:44
*/

SET FOREIGN_KEY_CHECKS=0;

-- ----------------------------
-- Table structure for alerts
-- ----------------------------
DROP TABLE IF EXISTS `alerts`;
CREATE TABLE `alerts` (
  `id` int(11) NOT NULL AUTO_INCREMENT,
  `vehicle_id` int(11) NOT NULL,
  `area_id` int(11) DEFAULT NULL,
  `alert_type` varchar(50) NOT NULL,
  `message` text NOT NULL,
  `latitude` decimal(10,8) DEFAULT NULL,
  `longitude` decimal(11,8) DEFAULT NULL,
  `is_resolved` tinyint(1) DEFAULT 0,
  `created_at` timestamp NULL DEFAULT current_timestamp(),
  `resolved_at` timestamp NULL DEFAULT NULL,
  PRIMARY KEY (`id`),
  KEY `idx_vehicle_id` (`vehicle_id`),
  KEY `idx_area_id` (`area_id`),
  KEY `idx_alert_type` (`alert_type`),
  KEY `idx_is_resolved` (`is_resolved`),
  KEY `idx_created_at` (`created_at`),
  CONSTRAINT `alerts_ibfk_1` FOREIGN KEY (`vehicle_id`) REFERENCES `vehicles` (`id`) ON DELETE CASCADE,
  CONSTRAINT `alerts_ibfk_2` FOREIGN KEY (`area_id`) REFERENCES `areas` (`id`) ON DELETE SET NULL
) ENGINE=InnoDB AUTO_INCREMENT=31 DEFAULT CHARSET=utf8mb4 COLLATE=utf8mb4_unicode_ci;

-- ----------------------------
-- Records of alerts
-- ----------------------------
INSERT INTO `alerts` VALUES ('1', '1', '2', 'speed_exceeded', 'Vehicle exceeded speed limit', '13.74796605', '100.50466236', '0', '2025-09-17 21:07:08', null);
INSERT INTO `alerts` VALUES ('2', '1', '5', 'area_entry', 'Vehicle entered restricted area', '13.76154398', '100.50397978', '0', '2025-09-17 21:27:08', null);
INSERT INTO `alerts` VALUES ('3', '1', '3', 'idle_timeout', 'Vehicle idle for too long', '13.75045498', '100.50557574', '0', '2025-09-17 21:47:08', null);
INSERT INTO `alerts` VALUES ('4', '2', '2', 'speed_exceeded', 'Vehicle exceeded speed limit', '13.76275516', '100.50849636', '0', '2025-09-17 21:17:08', null);
INSERT INTO `alerts` VALUES ('5', '2', '5', 'area_entry', 'Vehicle entered restricted area', '13.75139493', '100.49537134', '0', '2025-09-17 21:37:08', null);
INSERT INTO `alerts` VALUES ('6', '2', '3', 'idle_timeout', 'Vehicle idle for too long', '13.75938143', '100.49437732', '0', '2025-09-17 21:57:08', null);
INSERT INTO `alerts` VALUES ('7', '3', '2', 'speed_exceeded', 'Vehicle exceeded speed limit', '13.75692461', '100.50324750', '0', '2025-09-17 21:27:08', null);
INSERT INTO `alerts` VALUES ('8', '3', '5', 'area_entry', 'Vehicle entered restricted area', '13.75594424', '100.49263174', '0', '2025-09-17 21:47:08', null);
INSERT INTO `alerts` VALUES ('9', '3', '3', 'idle_timeout', 'Vehicle idle for too long', '13.75716256', '100.50292998', '0', '2025-09-17 22:07:08', null);
INSERT INTO `alerts` VALUES ('10', '4', '2', 'speed_exceeded', 'Vehicle exceeded speed limit', '13.74656430', '100.51026480', '0', '2025-09-17 21:37:08', null);
INSERT INTO `alerts` VALUES ('11', '4', '5', 'area_entry', 'Vehicle entered restricted area', '13.76449425', '100.49953242', '0', '2025-09-17 21:57:08', null);
INSERT INTO `alerts` VALUES ('12', '4', '3', 'idle_timeout', 'Vehicle idle for too long', '13.74779215', '100.50650389', '0', '2025-09-17 22:17:08', null);
INSERT INTO `alerts` VALUES ('13', '5', '2', 'speed_exceeded', 'Vehicle exceeded speed limit', '13.76095264', '100.50555370', '0', '2025-09-17 21:47:08', null);
INSERT INTO `alerts` VALUES ('14', '5', '5', 'area_entry', 'Vehicle entered restricted area', '13.75161729', '100.51000125', '0', '2025-09-17 22:07:08', null);
INSERT INTO `alerts` VALUES ('15', '5', '3', 'idle_timeout', 'Vehicle idle for too long', '13.75968966', '100.50558266', '0', '2025-09-17 22:27:08', null);
INSERT INTO `alerts` VALUES ('16', '1', '2', 'speed_exceeded', 'Vehicle exceeded speed limit', '13.75559111', '100.51065218', '0', '2025-09-17 21:21:10', null);
INSERT INTO `alerts` VALUES ('17', '1', '5', 'area_entry', 'Vehicle entered restricted area', '13.76302666', '100.49358740', '0', '2025-09-17 21:41:10', null);
INSERT INTO `alerts` VALUES ('18', '1', '7', 'idle_timeout', 'Vehicle idle for too long', '13.74771819', '100.49923599', '0', '2025-09-17 22:01:10', null);
INSERT INTO `alerts` VALUES ('19', '2', '2', 'speed_exceeded', 'Vehicle exceeded speed limit', '13.74794870', '100.49191847', '0', '2025-09-17 21:31:10', null);
INSERT INTO `alerts` VALUES ('20', '2', '5', 'area_entry', 'Vehicle entered restricted area', '13.75512324', '100.50695218', '0', '2025-09-17 21:51:10', null);
INSERT INTO `alerts` VALUES ('21', '2', '7', 'idle_timeout', 'Vehicle idle for too long', '13.76201150', '100.49625278', '0', '2025-09-17 22:11:10', null);
INSERT INTO `alerts` VALUES ('22', '3', '2', 'speed_exceeded', 'Vehicle exceeded speed limit', '13.75474793', '100.50359304', '0', '2025-09-17 21:41:10', null);
INSERT INTO `alerts` VALUES ('23', '3', '5', 'area_entry', 'Vehicle entered restricted area', '13.76407226', '100.49815832', '0', '2025-09-17 22:01:10', null);
INSERT INTO `alerts` VALUES ('24', '3', '7', 'idle_timeout', 'Vehicle idle for too long', '13.75347578', '100.49356038', '0', '2025-09-17 22:21:10', null);
INSERT INTO `alerts` VALUES ('25', '4', '2', 'speed_exceeded', 'Vehicle exceeded speed limit', '13.76512347', '100.51033562', '0', '2025-09-17 21:51:10', null);
INSERT INTO `alerts` VALUES ('26', '4', '5', 'area_entry', 'Vehicle entered restricted area', '13.74706962', '100.49527226', '0', '2025-09-17 22:11:10', null);
INSERT INTO `alerts` VALUES ('27', '4', '7', 'idle_timeout', 'Vehicle idle for too long', '13.75355484', '100.51147229', '0', '2025-09-17 22:31:10', null);
INSERT INTO `alerts` VALUES ('28', '5', '2', 'speed_exceeded', 'Vehicle exceeded speed limit', '13.75456315', '100.50099691', '0', '2025-09-17 22:01:10', null);
INSERT INTO `alerts` VALUES ('29', '5', '5', 'area_entry', 'Vehicle entered restricted area', '13.75900019', '100.50594299', '0', '2025-09-17 22:21:10', null);
INSERT INTO `alerts` VALUES ('30', '5', '7', 'idle_timeout', 'Vehicle idle for too long', '13.75210127', '100.49410418', '0', '2025-09-17 22:41:10', null);

-- ----------------------------
-- Table structure for areas
-- ----------------------------
DROP TABLE IF EXISTS `areas`;
CREATE TABLE `areas` (
  `id` int(11) NOT NULL AUTO_INCREMENT,
  `name` varchar(100) NOT NULL,
  `area_type` enum('entrance','alert','critical','checkpoint') NOT NULL,
  `shape` enum('polygon','circle','rectangle') NOT NULL,
  `coordinates` longtext CHARACTER SET utf8mb4 COLLATE utf8mb4_bin NOT NULL CHECK (json_valid(`coordinates`)),
  `buffer_distance` decimal(8,2) DEFAULT 0.00,
  `is_active` tinyint(1) DEFAULT 1,
  `created_at` timestamp NULL DEFAULT current_timestamp(),
  `updated_at` timestamp NULL DEFAULT current_timestamp() ON UPDATE current_timestamp(),
  PRIMARY KEY (`id`),
  KEY `idx_area_type` (`area_type`),
  KEY `idx_shape` (`shape`),
  KEY `idx_is_active` (`is_active`)
) ENGINE=InnoDB AUTO_INCREMENT=11 DEFAULT CHARSET=utf8mb4 COLLATE=utf8mb4_unicode_ci;

-- ----------------------------
-- Records of areas
-- ----------------------------
INSERT INTO `areas` VALUES ('1', 'Entrance Gate', 'entrance', 'polygon', 0x5B5B31332E373536332C203130302E353031385D2C205B31332E373537332C203130302E353032385D2C205B31332E373536332C203130302E353033385D2C205B31332E373535332C203130302E353032385D5D, '50.00', '1', '2025-09-17 22:07:08', '2025-09-17 22:07:08');
INSERT INTO `areas` VALUES ('2', 'Alert Zone 1', 'alert', 'circle', 0x7B2263656E746572223A205B31332E373636332C203130302E353131385D2C2022726164697573223A203130307D, '0.00', '1', '2025-09-17 22:07:08', '2025-09-17 22:07:08');
INSERT INTO `areas` VALUES ('3', 'Critical Zone', 'critical', 'rectangle', 0x7B226E6F727468223A2031332E373736332C2022736F757468223A2031332E373536332C202265617374223A203130302E353231382C202277657374223A203130302E353031387D, '0.00', '1', '2025-09-17 22:07:08', '2025-09-17 22:07:08');
INSERT INTO `areas` VALUES ('4', 'Checkpoint Warehouse', 'checkpoint', 'polygon', 0x5B5B31332E373436332C203130302E343931385D2C205B31332E373437332C203130302E343932385D2C205B31332E373436332C203130302E343933385D2C205B31332E373435332C203130302E343932385D5D, '30.00', '1', '2025-09-17 22:07:08', '2025-09-17 22:07:08');
INSERT INTO `areas` VALUES ('5', 'Speed Alert Zone', 'alert', 'circle', 0x7B2263656E746572223A205B31332E373336332C203130302E343831385D2C2022726164697573223A203230307D, '0.00', '1', '2025-09-17 22:07:08', '2025-09-17 22:07:08');
INSERT INTO `areas` VALUES ('6', 'Entrance Gate', 'entrance', 'polygon', 0x5B5B31332E373536332C203130302E353031385D2C205B31332E373537332C203130302E353032385D2C205B31332E373536332C203130302E353033385D2C205B31332E373535332C203130302E353032385D5D, '50.00', '1', '2025-09-17 22:21:10', '2025-09-17 22:21:10');
INSERT INTO `areas` VALUES ('7', 'Alert Zone 1', 'alert', 'circle', 0x7B2263656E746572223A205B31332E373636332C203130302E353131385D2C2022726164697573223A203130307D, '0.00', '1', '2025-09-17 22:21:10', '2025-09-17 22:21:10');
INSERT INTO `areas` VALUES ('8', 'Critical Zone', 'critical', 'rectangle', 0x7B226E6F727468223A2031332E373736332C2022736F757468223A2031332E373536332C202265617374223A203130302E353231382C202277657374223A203130302E353031387D, '0.00', '1', '2025-09-17 22:21:10', '2025-09-17 22:21:10');
INSERT INTO `areas` VALUES ('9', 'Checkpoint Warehouse', 'checkpoint', 'polygon', 0x5B5B31332E373436332C203130302E343931385D2C205B31332E373437332C203130302E343932385D2C205B31332E373436332C203130302E343933385D2C205B31332E373435332C203130302E343932385D5D, '30.00', '1', '2025-09-17 22:21:10', '2025-09-17 22:21:10');
INSERT INTO `areas` VALUES ('10', 'Speed Alert Zone', 'alert', 'circle', 0x7B2263656E746572223A205B31332E373336332C203130302E343831385D2C2022726164697573223A203230307D, '0.00', '1', '2025-09-17 22:21:10', '2025-09-17 22:21:10');

-- ----------------------------
-- Table structure for dashboard_stats
-- ----------------------------
DROP TABLE IF EXISTS `dashboard_stats`;
CREATE TABLE `dashboard_stats` (
  `id` int(11) NOT NULL AUTO_INCREMENT,
  `stat_type` varchar(50) NOT NULL,
  `stat_value` decimal(15,2) NOT NULL,
  `stat_label` varchar(100) DEFAULT NULL,
  `timestamp` timestamp NULL DEFAULT current_timestamp(),
  `metadata` longtext CHARACTER SET utf8mb4 COLLATE utf8mb4_bin DEFAULT NULL CHECK (json_valid(`metadata`)),
  PRIMARY KEY (`id`),
  KEY `idx_stat_type` (`stat_type`),
  KEY `idx_timestamp` (`timestamp`)
) ENGINE=InnoDB AUTO_INCREMENT=17 DEFAULT CHARSET=utf8mb4 COLLATE=utf8mb4_unicode_ci;

-- ----------------------------
-- Records of dashboard_stats
-- ----------------------------
INSERT INTO `dashboard_stats` VALUES ('1', 'total_vehicles', '10.00', 'Total Vehicles', '2025-09-17 22:07:08', null);
INSERT INTO `dashboard_stats` VALUES ('2', 'active_vehicles', '8.00', 'Active Vehicles', '2025-09-17 22:07:08', null);
INSERT INTO `dashboard_stats` VALUES ('3', 'average_speed', '45.50', 'Average Speed (km/h)', '2025-09-17 22:07:08', null);
INSERT INTO `dashboard_stats` VALUES ('4', 'total_distance', '1250.75', 'Total Distance (km)', '2025-09-17 22:07:08', null);
INSERT INTO `dashboard_stats` VALUES ('5', 'alerts_today', '15.00', 'Alerts Today', '2025-09-17 22:07:08', null);
INSERT INTO `dashboard_stats` VALUES ('6', 'vehicles_in_warehouse', '3.00', 'Vehicles in Warehouse', '2025-09-17 22:07:08', null);
INSERT INTO `dashboard_stats` VALUES ('7', 'completed_deliveries', '12.00', 'Completed Deliveries', '2025-09-17 22:07:08', null);
INSERT INTO `dashboard_stats` VALUES ('8', 'fuel_efficiency', '8.50', 'Fuel Efficiency (km/l)', '2025-09-17 22:07:08', null);
INSERT INTO `dashboard_stats` VALUES ('9', 'total_vehicles', '10.00', 'Total Vehicles', '2025-09-17 22:21:10', null);
INSERT INTO `dashboard_stats` VALUES ('10', 'active_vehicles', '8.00', 'Active Vehicles', '2025-09-17 22:21:10', null);
INSERT INTO `dashboard_stats` VALUES ('11', 'average_speed', '45.50', 'Average Speed (km/h)', '2025-09-17 22:21:10', null);
INSERT INTO `dashboard_stats` VALUES ('12', 'total_distance', '1250.75', 'Total Distance (km)', '2025-09-17 22:21:10', null);
INSERT INTO `dashboard_stats` VALUES ('13', 'alerts_today', '15.00', 'Alerts Today', '2025-09-17 22:21:10', null);
INSERT INTO `dashboard_stats` VALUES ('14', 'vehicles_in_warehouse', '3.00', 'Vehicles in Warehouse', '2025-09-17 22:21:10', null);
INSERT INTO `dashboard_stats` VALUES ('15', 'completed_deliveries', '12.00', 'Completed Deliveries', '2025-09-17 22:21:10', null);
INSERT INTO `dashboard_stats` VALUES ('16', 'fuel_efficiency', '8.50', 'Fuel Efficiency (km/l)', '2025-09-17 22:21:10', null);

-- ----------------------------
-- Table structure for gps_logs
-- ----------------------------
DROP TABLE IF EXISTS `gps_logs`;
CREATE TABLE `gps_logs` (
  `id` int(11) NOT NULL AUTO_INCREMENT,
  `vehicle_id` int(11) NOT NULL,
  `latitude` decimal(10,8) NOT NULL,
  `longitude` decimal(11,8) NOT NULL,
  `altitude` decimal(8,2) DEFAULT NULL,
  `speed` decimal(6,2) DEFAULT NULL,
  `heading` decimal(6,2) DEFAULT NULL,
  `accuracy` decimal(8,2) DEFAULT NULL,
  `timestamp` timestamp NOT NULL,
  `is_idle` tinyint(1) DEFAULT 0,
  `idle_duration` int(11) DEFAULT 0,
  `created_at` timestamp NULL DEFAULT current_timestamp(),
  PRIMARY KEY (`id`),
  KEY `idx_vehicle_id` (`vehicle_id`),
  KEY `idx_timestamp` (`timestamp`),
  KEY `idx_location` (`latitude`,`longitude`),
  KEY `idx_is_idle` (`is_idle`),
  CONSTRAINT `gps_logs_ibfk_1` FOREIGN KEY (`vehicle_id`) REFERENCES `vehicles` (`id`) ON DELETE CASCADE
) ENGINE=InnoDB AUTO_INCREMENT=401 DEFAULT CHARSET=utf8mb4 COLLATE=utf8mb4_unicode_ci;

-- ----------------------------
-- Records of gps_logs
-- ----------------------------
INSERT INTO `gps_logs` VALUES ('1', '1', '13.76455213', '100.50594234', null, '58.44', '84.53', '6.74', '2025-09-17 20:07:08', '0', '0', '2025-09-17 22:07:08');
INSERT INTO `gps_logs` VALUES ('2', '1', '13.75187412', '100.50213413', null, '59.18', '107.26', '3.70', '2025-09-17 20:10:08', '0', '0', '2025-09-17 22:07:08');
INSERT INTO `gps_logs` VALUES ('3', '1', '13.76220335', '100.49751068', null, '42.88', '123.69', '4.79', '2025-09-17 20:13:08', '0', '0', '2025-09-17 22:07:08');
INSERT INTO `gps_logs` VALUES ('4', '1', '13.75528282', '100.50138901', null, '54.39', '61.61', '3.50', '2025-09-17 20:16:08', '0', '0', '2025-09-17 22:07:08');
INSERT INTO `gps_logs` VALUES ('5', '1', '13.75300345', '100.49827286', null, '72.52', '184.06', '6.19', '2025-09-17 20:19:08', '0', '0', '2025-09-17 22:07:08');
INSERT INTO `gps_logs` VALUES ('6', '1', '13.76015344', '100.49869153', null, '43.89', '168.59', '3.30', '2025-09-17 20:22:08', '0', '0', '2025-09-17 22:07:08');
INSERT INTO `gps_logs` VALUES ('7', '1', '13.77179336', '100.50307932', null, '52.10', '239.01', '7.35', '2025-09-17 20:25:08', '0', '0', '2025-09-17 22:07:08');
INSERT INTO `gps_logs` VALUES ('8', '1', '13.76548730', '100.49975824', null, '32.49', '14.92', '7.92', '2025-09-17 20:28:08', '0', '0', '2025-09-17 22:07:08');
INSERT INTO `gps_logs` VALUES ('9', '1', '13.75877305', '100.51846688', null, '59.21', '198.00', '6.11', '2025-09-17 20:31:08', '0', '0', '2025-09-17 22:07:08');
INSERT INTO `gps_logs` VALUES ('10', '1', '13.76093530', '100.51081105', null, '37.66', '144.52', '6.94', '2025-09-17 20:34:08', '0', '0', '2025-09-17 22:07:08');
INSERT INTO `gps_logs` VALUES ('11', '1', '13.76467272', '100.50703107', null, '56.30', '198.11', '7.85', '2025-09-17 20:37:08', '0', '0', '2025-09-17 22:07:08');
INSERT INTO `gps_logs` VALUES ('12', '1', '13.77455791', '100.50510397', null, '45.71', '245.10', '4.38', '2025-09-17 20:40:08', '0', '0', '2025-09-17 22:07:08');
INSERT INTO `gps_logs` VALUES ('13', '1', '13.77342032', '100.51947151', null, '76.76', '63.85', '4.87', '2025-09-17 20:43:08', '0', '0', '2025-09-17 22:07:08');
INSERT INTO `gps_logs` VALUES ('14', '1', '13.77523059', '100.51720771', null, '39.23', '265.23', '7.23', '2025-09-17 20:46:08', '0', '0', '2025-09-17 22:07:08');
INSERT INTO `gps_logs` VALUES ('15', '1', '13.77935783', '100.51541190', null, '74.72', '260.60', '3.84', '2025-09-17 20:49:08', '0', '0', '2025-09-17 22:07:08');
INSERT INTO `gps_logs` VALUES ('16', '1', '13.77163405', '100.51869203', null, '60.92', '66.88', '3.31', '2025-09-17 20:52:08', '0', '0', '2025-09-17 22:07:08');
INSERT INTO `gps_logs` VALUES ('17', '1', '13.77449700', '100.51175942', null, '24.32', '210.70', '7.13', '2025-09-17 20:55:08', '0', '0', '2025-09-17 22:07:08');
INSERT INTO `gps_logs` VALUES ('18', '1', '13.76997487', '100.51237381', null, '67.01', '9.37', '3.76', '2025-09-17 20:58:08', '0', '0', '2025-09-17 22:07:08');
INSERT INTO `gps_logs` VALUES ('19', '1', '13.76723932', '100.52854444', null, '59.80', '19.72', '4.22', '2025-09-17 21:01:08', '0', '0', '2025-09-17 22:07:08');
INSERT INTO `gps_logs` VALUES ('20', '1', '13.77344582', '100.52392321', null, '79.85', '147.09', '5.87', '2025-09-17 21:04:08', '0', '0', '2025-09-17 22:07:08');
INSERT INTO `gps_logs` VALUES ('21', '2', '13.76329907', '100.49690627', null, '68.69', '88.20', '3.58', '2025-09-17 20:12:08', '0', '0', '2025-09-17 22:07:08');
INSERT INTO `gps_logs` VALUES ('22', '2', '13.75438372', '100.51021367', null, '70.94', '196.58', '4.79', '2025-09-17 20:15:08', '0', '0', '2025-09-17 22:07:08');
INSERT INTO `gps_logs` VALUES ('23', '2', '13.75595701', '100.50197070', null, '70.53', '31.88', '3.76', '2025-09-17 20:18:08', '0', '0', '2025-09-17 22:07:08');
INSERT INTO `gps_logs` VALUES ('24', '2', '13.76207814', '100.50551350', null, '48.15', '220.63', '4.55', '2025-09-17 20:21:08', '0', '0', '2025-09-17 22:07:08');
INSERT INTO `gps_logs` VALUES ('25', '2', '13.75808370', '100.51196737', null, '64.66', '309.42', '7.83', '2025-09-17 20:24:08', '0', '0', '2025-09-17 22:07:08');
INSERT INTO `gps_logs` VALUES ('26', '2', '13.75932353', '100.50391110', null, '32.11', '51.62', '6.88', '2025-09-17 20:27:08', '0', '0', '2025-09-17 22:07:08');
INSERT INTO `gps_logs` VALUES ('27', '2', '13.76832496', '100.51410911', null, '51.25', '312.81', '3.18', '2025-09-17 20:30:08', '0', '0', '2025-09-17 22:07:08');
INSERT INTO `gps_logs` VALUES ('28', '2', '13.77029246', '100.51481540', null, '73.80', '295.57', '5.80', '2025-09-17 20:33:08', '0', '0', '2025-09-17 22:07:08');
INSERT INTO `gps_logs` VALUES ('29', '2', '13.76864211', '100.50842223', null, '51.27', '225.67', '6.58', '2025-09-17 20:36:08', '0', '0', '2025-09-17 22:07:08');
INSERT INTO `gps_logs` VALUES ('30', '2', '13.76098494', '100.50860966', null, '39.06', '353.35', '3.50', '2025-09-17 20:39:08', '0', '0', '2025-09-17 22:07:08');
INSERT INTO `gps_logs` VALUES ('31', '2', '13.75795585', '100.50954048', null, '69.01', '246.16', '3.09', '2025-09-17 20:42:08', '0', '0', '2025-09-17 22:07:08');
INSERT INTO `gps_logs` VALUES ('32', '2', '13.76062681', '100.51311831', null, '68.40', '300.10', '5.97', '2025-09-17 20:45:08', '0', '0', '2025-09-17 22:07:08');
INSERT INTO `gps_logs` VALUES ('33', '2', '13.76169472', '100.50862304', null, '26.75', '299.98', '3.62', '2025-09-17 20:48:08', '0', '0', '2025-09-17 22:07:08');
INSERT INTO `gps_logs` VALUES ('34', '2', '13.76062643', '100.50862415', null, '30.22', '264.28', '5.45', '2025-09-17 20:51:08', '0', '0', '2025-09-17 22:07:08');
INSERT INTO `gps_logs` VALUES ('35', '2', '13.76342440', '100.51533961', null, '33.46', '282.66', '5.07', '2025-09-17 20:54:08', '0', '0', '2025-09-17 22:07:08');
INSERT INTO `gps_logs` VALUES ('36', '2', '13.77518113', '100.51440756', null, '42.82', '94.83', '3.85', '2025-09-17 20:57:08', '0', '0', '2025-09-17 22:07:08');
INSERT INTO `gps_logs` VALUES ('37', '2', '13.76747153', '100.51698304', null, '46.49', '168.70', '3.09', '2025-09-17 21:00:08', '0', '0', '2025-09-17 22:07:08');
INSERT INTO `gps_logs` VALUES ('38', '2', '13.77552288', '100.50897641', null, '33.91', '207.59', '7.02', '2025-09-17 21:03:08', '0', '0', '2025-09-17 22:07:08');
INSERT INTO `gps_logs` VALUES ('39', '2', '13.77466221', '100.52700769', null, '79.64', '194.27', '4.11', '2025-09-17 21:06:08', '0', '0', '2025-09-17 22:07:08');
INSERT INTO `gps_logs` VALUES ('40', '2', '13.77855111', '100.51086237', null, '37.28', '67.36', '7.59', '2025-09-17 21:09:08', '0', '0', '2025-09-17 22:07:08');
INSERT INTO `gps_logs` VALUES ('41', '3', '13.76468132', '100.50555095', null, '50.91', '29.68', '4.88', '2025-09-17 20:17:08', '0', '0', '2025-09-17 22:07:08');
INSERT INTO `gps_logs` VALUES ('42', '3', '13.75787442', '100.49308223', null, '45.26', '264.51', '7.40', '2025-09-17 20:20:08', '0', '0', '2025-09-17 22:07:08');
INSERT INTO `gps_logs` VALUES ('43', '3', '13.74876961', '100.50944466', null, '45.05', '222.28', '4.52', '2025-09-17 20:23:08', '0', '0', '2025-09-17 22:07:08');
INSERT INTO `gps_logs` VALUES ('44', '3', '13.76880177', '100.50815474', null, '35.37', '138.91', '5.05', '2025-09-17 20:26:08', '0', '0', '2025-09-17 22:07:08');
INSERT INTO `gps_logs` VALUES ('45', '3', '13.75758711', '100.51160345', null, '37.06', '232.81', '3.37', '2025-09-17 20:29:08', '0', '0', '2025-09-17 22:07:08');
INSERT INTO `gps_logs` VALUES ('46', '3', '13.76409408', '100.51548095', null, '31.71', '92.97', '7.61', '2025-09-17 20:32:08', '0', '0', '2025-09-17 22:07:08');
INSERT INTO `gps_logs` VALUES ('47', '3', '13.76668096', '100.50156551', null, '32.73', '122.85', '3.19', '2025-09-17 20:35:08', '0', '0', '2025-09-17 22:07:08');
INSERT INTO `gps_logs` VALUES ('48', '3', '13.75584158', '100.51741677', null, '66.97', '314.92', '5.24', '2025-09-17 20:38:08', '0', '0', '2025-09-17 22:07:08');
INSERT INTO `gps_logs` VALUES ('49', '3', '13.76963120', '100.50805759', null, '29.45', '93.59', '5.14', '2025-09-17 20:41:08', '0', '0', '2025-09-17 22:07:08');
INSERT INTO `gps_logs` VALUES ('50', '3', '13.76568450', '100.51382405', null, '60.81', '290.47', '7.37', '2025-09-17 20:44:08', '0', '0', '2025-09-17 22:07:08');
INSERT INTO `gps_logs` VALUES ('51', '3', '13.76121424', '100.50886090', null, '42.85', '142.14', '7.00', '2025-09-17 20:47:08', '0', '0', '2025-09-17 22:07:08');
INSERT INTO `gps_logs` VALUES ('52', '3', '13.76000534', '100.51142937', null, '57.20', '352.33', '4.16', '2025-09-17 20:50:08', '0', '0', '2025-09-17 22:07:08');
INSERT INTO `gps_logs` VALUES ('53', '3', '13.75833343', '100.51543477', null, '79.96', '234.64', '5.48', '2025-09-17 20:53:08', '0', '0', '2025-09-17 22:07:08');
INSERT INTO `gps_logs` VALUES ('54', '3', '13.76072950', '100.51822577', null, '66.99', '207.06', '5.46', '2025-09-17 20:56:08', '0', '0', '2025-09-17 22:07:08');
INSERT INTO `gps_logs` VALUES ('55', '3', '13.76441046', '100.51109184', null, '24.16', '271.01', '7.93', '2025-09-17 20:59:08', '0', '0', '2025-09-17 22:07:08');
INSERT INTO `gps_logs` VALUES ('56', '3', '13.76207603', '100.51154036', null, '64.43', '141.94', '5.79', '2025-09-17 21:02:08', '0', '0', '2025-09-17 22:07:08');
INSERT INTO `gps_logs` VALUES ('57', '3', '13.76242490', '100.51482564', null, '37.88', '222.82', '5.49', '2025-09-17 21:05:08', '0', '0', '2025-09-17 22:07:08');
INSERT INTO `gps_logs` VALUES ('58', '3', '13.77407089', '100.51581216', null, '52.93', '38.71', '7.79', '2025-09-17 21:08:08', '0', '0', '2025-09-17 22:07:08');
INSERT INTO `gps_logs` VALUES ('59', '3', '13.76703209', '100.51567800', null, '31.01', '41.97', '5.36', '2025-09-17 21:11:08', '0', '0', '2025-09-17 22:07:08');
INSERT INTO `gps_logs` VALUES ('60', '3', '13.77021155', '100.51424275', null, '33.87', '217.51', '4.09', '2025-09-17 21:14:08', '0', '0', '2025-09-17 22:07:08');
INSERT INTO `gps_logs` VALUES ('61', '4', '13.75213390', '100.51126589', null, '60.03', '352.13', '5.27', '2025-09-17 20:22:08', '0', '0', '2025-09-17 22:07:08');
INSERT INTO `gps_logs` VALUES ('62', '4', '13.75898585', '100.49589589', null, '60.04', '191.14', '4.79', '2025-09-17 20:25:08', '0', '0', '2025-09-17 22:07:08');
INSERT INTO `gps_logs` VALUES ('63', '4', '13.76426833', '100.50557219', null, '51.15', '133.64', '7.30', '2025-09-17 20:28:08', '0', '0', '2025-09-17 22:07:08');
INSERT INTO `gps_logs` VALUES ('64', '4', '13.75344065', '100.50939439', null, '67.07', '182.16', '3.01', '2025-09-17 20:31:08', '0', '0', '2025-09-17 22:07:08');
INSERT INTO `gps_logs` VALUES ('65', '4', '13.76673214', '100.50244176', null, '78.56', '275.23', '3.42', '2025-09-17 20:34:08', '0', '0', '2025-09-17 22:07:08');
INSERT INTO `gps_logs` VALUES ('66', '4', '13.76998279', '100.50999015', null, '38.36', '314.73', '7.77', '2025-09-17 20:37:08', '0', '0', '2025-09-17 22:07:08');
INSERT INTO `gps_logs` VALUES ('67', '4', '13.75481442', '100.50519943', null, '52.27', '235.39', '5.99', '2025-09-17 20:40:08', '0', '0', '2025-09-17 22:07:08');
INSERT INTO `gps_logs` VALUES ('68', '4', '13.75435555', '100.50515100', null, '38.88', '93.57', '5.17', '2025-09-17 20:43:08', '0', '0', '2025-09-17 22:07:08');
INSERT INTO `gps_logs` VALUES ('69', '4', '13.76769273', '100.50854179', null, '31.79', '155.12', '4.21', '2025-09-17 20:46:08', '0', '0', '2025-09-17 22:07:08');
INSERT INTO `gps_logs` VALUES ('70', '4', '13.75732496', '100.50840191', null, '33.65', '22.57', '7.55', '2025-09-17 20:49:08', '0', '0', '2025-09-17 22:07:08');
INSERT INTO `gps_logs` VALUES ('71', '4', '13.76071402', '100.52026029', null, '77.72', '169.98', '6.16', '2025-09-17 20:52:08', '0', '0', '2025-09-17 22:07:08');
INSERT INTO `gps_logs` VALUES ('72', '4', '13.76438390', '100.50640140', null, '23.97', '278.75', '6.51', '2025-09-17 20:55:08', '0', '0', '2025-09-17 22:07:08');
INSERT INTO `gps_logs` VALUES ('73', '4', '13.77622017', '100.50633819', null, '65.72', '77.32', '3.08', '2025-09-17 20:58:08', '0', '0', '2025-09-17 22:07:08');
INSERT INTO `gps_logs` VALUES ('74', '4', '13.76063459', '100.51247444', null, '59.53', '204.75', '6.88', '2025-09-17 21:01:08', '0', '0', '2025-09-17 22:07:08');
INSERT INTO `gps_logs` VALUES ('75', '4', '13.77320200', '100.52116306', null, '22.22', '208.20', '5.10', '2025-09-17 21:04:08', '0', '0', '2025-09-17 22:07:08');
INSERT INTO `gps_logs` VALUES ('76', '4', '13.76145262', '100.51004680', null, '61.07', '99.91', '5.85', '2025-09-17 21:07:08', '0', '0', '2025-09-17 22:07:08');
INSERT INTO `gps_logs` VALUES ('77', '4', '13.76697756', '100.52055040', null, '78.35', '213.75', '3.09', '2025-09-17 21:10:08', '0', '0', '2025-09-17 22:07:08');
INSERT INTO `gps_logs` VALUES ('78', '4', '13.76782753', '100.50950937', null, '26.70', '340.96', '7.41', '2025-09-17 21:13:08', '0', '0', '2025-09-17 22:07:08');
INSERT INTO `gps_logs` VALUES ('79', '4', '13.77077807', '100.51697803', null, '57.93', '312.24', '3.57', '2025-09-17 21:16:08', '0', '0', '2025-09-17 22:07:08');
INSERT INTO `gps_logs` VALUES ('80', '4', '13.76828609', '100.52295574', null, '39.43', '78.89', '6.59', '2025-09-17 21:19:08', '0', '0', '2025-09-17 22:07:08');
INSERT INTO `gps_logs` VALUES ('81', '5', '13.74677163', '100.50936514', null, '66.45', '280.22', '4.70', '2025-09-17 20:27:08', '0', '0', '2025-09-17 22:07:08');
INSERT INTO `gps_logs` VALUES ('82', '5', '13.74937804', '100.50804395', null, '75.82', '279.53', '4.77', '2025-09-17 20:30:08', '0', '0', '2025-09-17 22:07:08');
INSERT INTO `gps_logs` VALUES ('83', '5', '13.76147332', '100.50627142', null, '50.47', '262.34', '7.04', '2025-09-17 20:33:08', '0', '0', '2025-09-17 22:07:08');
INSERT INTO `gps_logs` VALUES ('84', '5', '13.75402026', '100.50963871', null, '37.36', '82.47', '7.27', '2025-09-17 20:36:08', '0', '0', '2025-09-17 22:07:08');
INSERT INTO `gps_logs` VALUES ('85', '5', '13.76263497', '100.49756107', null, '70.17', '202.12', '4.40', '2025-09-17 20:39:08', '0', '0', '2025-09-17 22:07:08');
INSERT INTO `gps_logs` VALUES ('86', '5', '13.75698779', '100.50877974', null, '57.96', '82.76', '6.91', '2025-09-17 20:42:08', '0', '0', '2025-09-17 22:07:08');
INSERT INTO `gps_logs` VALUES ('87', '5', '13.76009772', '100.50448776', null, '36.36', '13.09', '3.56', '2025-09-17 20:45:08', '0', '0', '2025-09-17 22:07:08');
INSERT INTO `gps_logs` VALUES ('88', '5', '13.75707094', '100.50232638', null, '21.27', '206.31', '7.42', '2025-09-17 20:48:08', '0', '0', '2025-09-17 22:07:08');
INSERT INTO `gps_logs` VALUES ('89', '5', '13.75873119', '100.51725578', null, '73.02', '232.12', '3.40', '2025-09-17 20:51:08', '0', '0', '2025-09-17 22:07:08');
INSERT INTO `gps_logs` VALUES ('90', '5', '13.76680680', '100.51617391', null, '75.40', '250.95', '7.58', '2025-09-17 20:54:08', '0', '0', '2025-09-17 22:07:08');
INSERT INTO `gps_logs` VALUES ('91', '5', '13.76425332', '100.51727108', null, '45.24', '16.11', '3.86', '2025-09-17 20:57:08', '0', '0', '2025-09-17 22:07:08');
INSERT INTO `gps_logs` VALUES ('92', '5', '13.76297003', '100.51370859', null, '77.14', '132.14', '6.57', '2025-09-17 21:00:08', '0', '0', '2025-09-17 22:07:08');
INSERT INTO `gps_logs` VALUES ('93', '5', '13.77340468', '100.50495963', null, '59.09', '141.31', '6.43', '2025-09-17 21:03:08', '0', '0', '2025-09-17 22:07:08');
INSERT INTO `gps_logs` VALUES ('94', '5', '13.76128443', '100.51343874', null, '61.80', '316.68', '5.39', '2025-09-17 21:06:08', '0', '0', '2025-09-17 22:07:08');
INSERT INTO `gps_logs` VALUES ('95', '5', '13.76239501', '100.51216226', null, '55.59', '348.54', '4.05', '2025-09-17 21:09:08', '0', '0', '2025-09-17 22:07:08');
INSERT INTO `gps_logs` VALUES ('96', '5', '13.77256531', '100.51457768', null, '28.01', '291.88', '6.13', '2025-09-17 21:12:08', '0', '0', '2025-09-17 22:07:08');
INSERT INTO `gps_logs` VALUES ('97', '5', '13.76741790', '100.51910756', null, '53.71', '111.73', '4.78', '2025-09-17 21:15:08', '0', '0', '2025-09-17 22:07:08');
INSERT INTO `gps_logs` VALUES ('98', '5', '13.76920089', '100.52193980', null, '56.09', '244.48', '3.47', '2025-09-17 21:18:08', '0', '0', '2025-09-17 22:07:08');
INSERT INTO `gps_logs` VALUES ('99', '5', '13.77061665', '100.51356795', null, '40.55', '93.42', '6.22', '2025-09-17 21:21:08', '0', '0', '2025-09-17 22:07:08');
INSERT INTO `gps_logs` VALUES ('100', '5', '13.77742584', '100.51444707', null, '48.21', '18.85', '5.79', '2025-09-17 21:24:08', '0', '0', '2025-09-17 22:07:08');
INSERT INTO `gps_logs` VALUES ('101', '6', '13.75561458', '100.50637110', null, '68.53', '7.86', '7.29', '2025-09-17 20:32:08', '0', '0', '2025-09-17 22:07:08');
INSERT INTO `gps_logs` VALUES ('102', '6', '13.75619555', '100.49916303', null, '74.83', '333.19', '3.03', '2025-09-17 20:35:08', '0', '0', '2025-09-17 22:07:08');
INSERT INTO `gps_logs` VALUES ('103', '6', '13.75997381', '100.50825825', null, '37.07', '121.28', '7.37', '2025-09-17 20:38:08', '0', '0', '2025-09-17 22:07:08');
INSERT INTO `gps_logs` VALUES ('104', '6', '13.75417958', '100.49993209', null, '53.66', '286.85', '3.43', '2025-09-17 20:41:08', '0', '0', '2025-09-17 22:07:08');
INSERT INTO `gps_logs` VALUES ('105', '6', '13.76580086', '100.50305289', null, '77.05', '149.45', '7.37', '2025-09-17 20:44:08', '0', '0', '2025-09-17 22:07:08');
INSERT INTO `gps_logs` VALUES ('106', '6', '13.76950936', '100.49960805', null, '71.96', '253.72', '7.77', '2025-09-17 20:47:08', '0', '0', '2025-09-17 22:07:08');
INSERT INTO `gps_logs` VALUES ('107', '6', '13.75674512', '100.50539065', null, '32.32', '233.26', '4.91', '2025-09-17 20:50:08', '0', '0', '2025-09-17 22:07:08');
INSERT INTO `gps_logs` VALUES ('108', '6', '13.75986677', '100.50586628', null, '49.56', '30.33', '7.71', '2025-09-17 20:53:08', '0', '0', '2025-09-17 22:07:08');
INSERT INTO `gps_logs` VALUES ('109', '6', '13.77037932', '100.50215182', null, '58.90', '241.61', '3.65', '2025-09-17 20:56:08', '0', '0', '2025-09-17 22:07:08');
INSERT INTO `gps_logs` VALUES ('110', '6', '13.76422527', '100.50716915', null, '39.72', '211.67', '5.77', '2025-09-17 20:59:08', '0', '0', '2025-09-17 22:07:08');
INSERT INTO `gps_logs` VALUES ('111', '6', '13.75979157', '100.50377226', null, '71.55', '127.98', '3.12', '2025-09-17 21:02:08', '0', '0', '2025-09-17 22:07:08');
INSERT INTO `gps_logs` VALUES ('112', '6', '13.76685771', '100.51686105', null, '48.93', '171.66', '3.16', '2025-09-17 21:05:08', '0', '0', '2025-09-17 22:07:08');
INSERT INTO `gps_logs` VALUES ('113', '6', '13.77422192', '100.51296732', null, '73.43', '102.24', '5.34', '2025-09-17 21:08:08', '0', '0', '2025-09-17 22:07:08');
INSERT INTO `gps_logs` VALUES ('114', '6', '13.77044592', '100.51664268', null, '29.46', '99.59', '6.63', '2025-09-17 21:11:08', '0', '0', '2025-09-17 22:07:08');
INSERT INTO `gps_logs` VALUES ('115', '6', '13.77446889', '100.51015923', null, '58.70', '253.91', '4.81', '2025-09-17 21:14:08', '0', '0', '2025-09-17 22:07:08');
INSERT INTO `gps_logs` VALUES ('116', '6', '13.76843500', '100.51731953', null, '46.42', '169.06', '5.79', '2025-09-17 21:17:08', '0', '0', '2025-09-17 22:07:08');
INSERT INTO `gps_logs` VALUES ('117', '6', '13.76949541', '100.51687352', null, '32.31', '355.20', '7.46', '2025-09-17 21:20:08', '0', '0', '2025-09-17 22:07:08');
INSERT INTO `gps_logs` VALUES ('118', '6', '13.77078159', '100.51899453', null, '47.54', '182.50', '3.31', '2025-09-17 21:23:08', '0', '0', '2025-09-17 22:07:08');
INSERT INTO `gps_logs` VALUES ('119', '6', '13.78051460', '100.51352669', null, '37.59', '244.58', '7.62', '2025-09-17 21:26:08', '0', '0', '2025-09-17 22:07:08');
INSERT INTO `gps_logs` VALUES ('120', '6', '13.77728093', '100.51393467', null, '40.27', '63.53', '7.34', '2025-09-17 21:29:08', '0', '0', '2025-09-17 22:07:08');
INSERT INTO `gps_logs` VALUES ('121', '7', '13.76325027', '100.49556923', null, '67.26', '73.10', '6.40', '2025-09-17 20:37:08', '0', '0', '2025-09-17 22:07:08');
INSERT INTO `gps_logs` VALUES ('122', '7', '13.76603137', '100.50451884', null, '28.96', '330.56', '4.35', '2025-09-17 20:40:08', '0', '0', '2025-09-17 22:07:08');
INSERT INTO `gps_logs` VALUES ('123', '7', '13.76575186', '100.51323040', null, '45.52', '247.19', '3.02', '2025-09-17 20:43:08', '0', '0', '2025-09-17 22:07:08');
INSERT INTO `gps_logs` VALUES ('124', '7', '13.75883220', '100.49575754', null, '66.09', '326.54', '4.65', '2025-09-17 20:46:08', '0', '0', '2025-09-17 22:07:08');
INSERT INTO `gps_logs` VALUES ('125', '7', '13.75087744', '100.51432472', null, '52.59', '113.13', '4.04', '2025-09-17 20:49:08', '0', '0', '2025-09-17 22:07:08');
INSERT INTO `gps_logs` VALUES ('126', '7', '13.75684202', '100.51539782', null, '30.76', '194.17', '5.08', '2025-09-17 20:52:08', '0', '0', '2025-09-17 22:07:08');
INSERT INTO `gps_logs` VALUES ('127', '7', '13.75516945', '100.50146815', null, '47.94', '232.78', '3.23', '2025-09-17 20:55:08', '0', '0', '2025-09-17 22:07:08');
INSERT INTO `gps_logs` VALUES ('128', '7', '13.76730139', '100.51828594', null, '72.15', '351.78', '7.55', '2025-09-17 20:58:08', '0', '0', '2025-09-17 22:07:08');
INSERT INTO `gps_logs` VALUES ('129', '7', '13.75806606', '100.51132203', null, '51.48', '42.98', '5.04', '2025-09-17 21:01:08', '0', '0', '2025-09-17 22:07:08');
INSERT INTO `gps_logs` VALUES ('130', '7', '13.75666807', '100.51304347', null, '28.03', '267.08', '5.75', '2025-09-17 21:04:08', '0', '0', '2025-09-17 22:07:08');
INSERT INTO `gps_logs` VALUES ('131', '7', '13.76550423', '100.50217725', null, '70.69', '136.20', '5.11', '2025-09-17 21:07:08', '0', '0', '2025-09-17 22:07:08');
INSERT INTO `gps_logs` VALUES ('132', '7', '13.77247947', '100.51508396', null, '30.71', '1.39', '6.20', '2025-09-17 21:10:08', '0', '0', '2025-09-17 22:07:08');
INSERT INTO `gps_logs` VALUES ('133', '7', '13.75835971', '100.51141035', null, '27.67', '113.44', '4.99', '2025-09-17 21:13:08', '0', '0', '2025-09-17 22:07:08');
INSERT INTO `gps_logs` VALUES ('134', '7', '13.77303641', '100.50611660', null, '20.57', '15.72', '6.32', '2025-09-17 21:16:08', '0', '0', '2025-09-17 22:07:08');
INSERT INTO `gps_logs` VALUES ('135', '7', '13.77269030', '100.51136361', null, '42.62', '324.13', '4.63', '2025-09-17 21:19:08', '0', '0', '2025-09-17 22:07:08');
INSERT INTO `gps_logs` VALUES ('136', '7', '13.77457601', '100.52639295', null, '38.49', '324.74', '4.67', '2025-09-17 21:22:08', '0', '0', '2025-09-17 22:07:08');
INSERT INTO `gps_logs` VALUES ('137', '7', '13.78162403', '100.51657227', null, '57.79', '350.51', '5.22', '2025-09-17 21:25:08', '0', '0', '2025-09-17 22:07:08');
INSERT INTO `gps_logs` VALUES ('138', '7', '13.76586548', '100.52208302', null, '53.23', '107.00', '4.50', '2025-09-17 21:28:08', '0', '0', '2025-09-17 22:07:08');
INSERT INTO `gps_logs` VALUES ('139', '7', '13.78267160', '100.52423891', null, '38.43', '30.71', '4.14', '2025-09-17 21:31:08', '0', '0', '2025-09-17 22:07:08');
INSERT INTO `gps_logs` VALUES ('140', '7', '13.76554580', '100.51757602', null, '61.95', '334.65', '7.98', '2025-09-17 21:34:08', '0', '0', '2025-09-17 22:07:08');
INSERT INTO `gps_logs` VALUES ('141', '8', '13.75280760', '100.49720253', null, '64.74', '175.04', '5.50', '2025-09-17 20:42:08', '0', '0', '2025-09-17 22:07:08');
INSERT INTO `gps_logs` VALUES ('142', '8', '13.75447129', '100.50304800', null, '67.93', '68.89', '6.19', '2025-09-17 20:45:08', '0', '0', '2025-09-17 22:07:08');
INSERT INTO `gps_logs` VALUES ('143', '8', '13.75445156', '100.50833846', null, '48.91', '229.84', '7.56', '2025-09-17 20:48:08', '0', '0', '2025-09-17 22:07:08');
INSERT INTO `gps_logs` VALUES ('144', '8', '13.76346769', '100.49628013', null, '40.92', '327.27', '5.75', '2025-09-17 20:51:08', '0', '0', '2025-09-17 22:07:08');
INSERT INTO `gps_logs` VALUES ('145', '8', '13.75155879', '100.49975374', null, '78.18', '35.24', '4.32', '2025-09-17 20:54:08', '0', '0', '2025-09-17 22:07:08');
INSERT INTO `gps_logs` VALUES ('146', '8', '13.75159005', '100.51630970', null, '34.63', '3.63', '7.90', '2025-09-17 20:57:08', '0', '0', '2025-09-17 22:07:08');
INSERT INTO `gps_logs` VALUES ('147', '8', '13.75444238', '100.49954842', null, '21.39', '311.95', '4.59', '2025-09-17 21:00:08', '0', '0', '2025-09-17 22:07:08');
INSERT INTO `gps_logs` VALUES ('148', '8', '13.76210512', '100.51835495', null, '42.37', '144.76', '3.50', '2025-09-17 21:03:08', '0', '0', '2025-09-17 22:07:08');
INSERT INTO `gps_logs` VALUES ('149', '8', '13.76609759', '100.50170146', null, '36.68', '176.05', '6.62', '2025-09-17 21:06:08', '0', '0', '2025-09-17 22:07:08');
INSERT INTO `gps_logs` VALUES ('150', '8', '13.76861113', '100.52000926', null, '45.09', '70.77', '7.45', '2025-09-17 21:09:08', '0', '0', '2025-09-17 22:07:08');
INSERT INTO `gps_logs` VALUES ('151', '8', '13.75723516', '100.51530637', null, '27.56', '49.18', '7.86', '2025-09-17 21:12:08', '0', '0', '2025-09-17 22:07:08');
INSERT INTO `gps_logs` VALUES ('152', '8', '13.76287078', '100.51261367', null, '21.84', '198.57', '6.00', '2025-09-17 21:15:08', '0', '0', '2025-09-17 22:07:08');
INSERT INTO `gps_logs` VALUES ('153', '8', '13.76722723', '100.51023960', null, '45.78', '208.74', '4.33', '2025-09-17 21:18:08', '0', '0', '2025-09-17 22:07:08');
INSERT INTO `gps_logs` VALUES ('154', '8', '13.76443651', '100.50489431', null, '64.54', '220.55', '7.24', '2025-09-17 21:21:08', '0', '0', '2025-09-17 22:07:08');
INSERT INTO `gps_logs` VALUES ('155', '8', '13.76852124', '100.50765089', null, '74.71', '38.11', '6.88', '2025-09-17 21:24:08', '0', '0', '2025-09-17 22:07:08');
INSERT INTO `gps_logs` VALUES ('156', '8', '13.76874043', '100.50892210', null, '42.22', '104.60', '3.60', '2025-09-17 21:27:08', '0', '0', '2025-09-17 22:07:08');
INSERT INTO `gps_logs` VALUES ('157', '8', '13.77664084', '100.52643265', null, '49.25', '9.72', '7.29', '2025-09-17 21:30:08', '0', '0', '2025-09-17 22:07:08');
INSERT INTO `gps_logs` VALUES ('158', '8', '13.77387946', '100.51320580', null, '20.60', '37.63', '6.74', '2025-09-17 21:33:08', '0', '0', '2025-09-17 22:07:08');
INSERT INTO `gps_logs` VALUES ('159', '8', '13.76836874', '100.52259299', null, '20.27', '83.13', '6.80', '2025-09-17 21:36:08', '0', '0', '2025-09-17 22:07:08');
INSERT INTO `gps_logs` VALUES ('160', '8', '13.77779015', '100.51698925', null, '79.35', '169.17', '6.85', '2025-09-17 21:39:08', '0', '0', '2025-09-17 22:07:08');
INSERT INTO `gps_logs` VALUES ('161', '9', '13.76626437', '100.50550295', null, '60.37', '144.50', '3.52', '2025-09-17 20:47:08', '0', '0', '2025-09-17 22:07:08');
INSERT INTO `gps_logs` VALUES ('162', '9', '13.76376142', '100.50235609', null, '55.60', '161.22', '7.20', '2025-09-17 20:50:08', '0', '0', '2025-09-17 22:07:08');
INSERT INTO `gps_logs` VALUES ('163', '9', '13.75108252', '100.51068469', null, '25.77', '350.40', '3.63', '2025-09-17 20:53:08', '0', '0', '2025-09-17 22:07:08');
INSERT INTO `gps_logs` VALUES ('164', '9', '13.76602571', '100.51208061', null, '42.06', '180.68', '6.27', '2025-09-17 20:56:08', '0', '0', '2025-09-17 22:07:08');
INSERT INTO `gps_logs` VALUES ('165', '9', '13.75138658', '100.51241010', null, '52.20', '73.29', '5.54', '2025-09-17 20:59:08', '0', '0', '2025-09-17 22:07:08');
INSERT INTO `gps_logs` VALUES ('166', '9', '13.76236768', '100.50191511', null, '55.50', '3.82', '4.71', '2025-09-17 21:02:08', '0', '0', '2025-09-17 22:07:08');
INSERT INTO `gps_logs` VALUES ('167', '9', '13.76011434', '100.50310456', null, '54.34', '247.07', '6.36', '2025-09-17 21:05:08', '0', '0', '2025-09-17 22:07:08');
INSERT INTO `gps_logs` VALUES ('168', '9', '13.76979137', '100.51577882', null, '45.32', '29.82', '6.58', '2025-09-17 21:08:08', '0', '0', '2025-09-17 22:07:08');
INSERT INTO `gps_logs` VALUES ('169', '9', '13.77380465', '100.51552441', null, '54.11', '130.52', '6.47', '2025-09-17 21:11:08', '0', '0', '2025-09-17 22:07:08');
INSERT INTO `gps_logs` VALUES ('170', '9', '13.76199949', '100.50728072', null, '31.55', '257.46', '4.94', '2025-09-17 21:14:08', '0', '0', '2025-09-17 22:07:08');
INSERT INTO `gps_logs` VALUES ('171', '9', '13.76459881', '100.51442329', null, '48.07', '11.41', '4.44', '2025-09-17 21:17:08', '0', '0', '2025-09-17 22:07:08');
INSERT INTO `gps_logs` VALUES ('172', '9', '13.76409651', '100.51654886', null, '46.77', '195.52', '4.65', '2025-09-17 21:20:08', '0', '0', '2025-09-17 22:07:08');
INSERT INTO `gps_logs` VALUES ('173', '9', '13.76111314', '100.51444309', null, '65.74', '249.38', '7.03', '2025-09-17 21:23:08', '0', '0', '2025-09-17 22:07:08');
INSERT INTO `gps_logs` VALUES ('174', '9', '13.77278530', '100.52146068', null, '45.86', '46.23', '7.21', '2025-09-17 21:26:08', '0', '0', '2025-09-17 22:07:08');
INSERT INTO `gps_logs` VALUES ('175', '9', '13.76389395', '100.51596006', null, '38.96', '295.40', '5.08', '2025-09-17 21:29:08', '0', '0', '2025-09-17 22:07:08');
INSERT INTO `gps_logs` VALUES ('176', '9', '13.77589787', '100.50757873', null, '41.42', '136.79', '5.65', '2025-09-17 21:32:08', '0', '0', '2025-09-17 22:07:08');
INSERT INTO `gps_logs` VALUES ('177', '9', '13.77357914', '100.51928624', null, '76.85', '244.10', '6.54', '2025-09-17 21:35:08', '0', '0', '2025-09-17 22:07:08');
INSERT INTO `gps_logs` VALUES ('178', '9', '13.77977678', '100.51216892', null, '79.46', '271.82', '3.28', '2025-09-17 21:38:08', '0', '0', '2025-09-17 22:07:08');
INSERT INTO `gps_logs` VALUES ('179', '9', '13.76910120', '100.52820113', null, '51.94', '209.06', '7.64', '2025-09-17 21:41:08', '0', '0', '2025-09-17 22:07:08');
INSERT INTO `gps_logs` VALUES ('180', '9', '13.77625751', '100.51912075', null, '65.57', '189.80', '5.04', '2025-09-17 21:44:08', '0', '0', '2025-09-17 22:07:08');
INSERT INTO `gps_logs` VALUES ('181', '10', '13.76028555', '100.49208096', null, '73.02', '78.18', '7.42', '2025-09-17 20:52:08', '0', '0', '2025-09-17 22:07:08');
INSERT INTO `gps_logs` VALUES ('182', '10', '13.75557136', '100.49490884', null, '63.93', '152.90', '6.43', '2025-09-17 20:55:08', '0', '0', '2025-09-17 22:07:08');
INSERT INTO `gps_logs` VALUES ('183', '10', '13.75785281', '100.51248147', null, '74.36', '167.42', '6.45', '2025-09-17 20:58:08', '0', '0', '2025-09-17 22:07:08');
INSERT INTO `gps_logs` VALUES ('184', '10', '13.76337954', '100.51123046', null, '29.86', '263.55', '4.13', '2025-09-17 21:01:08', '0', '0', '2025-09-17 22:07:08');
INSERT INTO `gps_logs` VALUES ('185', '10', '13.75600183', '100.50535569', null, '43.69', '126.26', '5.33', '2025-09-17 21:04:08', '0', '0', '2025-09-17 22:07:08');
INSERT INTO `gps_logs` VALUES ('186', '10', '13.75233978', '100.51436309', null, '22.09', '331.79', '5.98', '2025-09-17 21:07:08', '0', '0', '2025-09-17 22:07:08');
INSERT INTO `gps_logs` VALUES ('187', '10', '13.75401502', '100.51193662', null, '41.87', '118.69', '5.69', '2025-09-17 21:10:08', '0', '0', '2025-09-17 22:07:08');
INSERT INTO `gps_logs` VALUES ('188', '10', '13.75396736', '100.50814153', null, '23.36', '26.18', '3.78', '2025-09-17 21:13:08', '0', '0', '2025-09-17 22:07:08');
INSERT INTO `gps_logs` VALUES ('189', '10', '13.76399224', '100.50637103', null, '67.87', '334.59', '7.11', '2025-09-17 21:16:08', '0', '0', '2025-09-17 22:07:08');
INSERT INTO `gps_logs` VALUES ('190', '10', '13.75871047', '100.50160043', null, '43.37', '207.64', '3.18', '2025-09-17 21:19:08', '0', '0', '2025-09-17 22:07:08');
INSERT INTO `gps_logs` VALUES ('191', '10', '13.77228835', '100.51390736', null, '44.63', '71.01', '6.43', '2025-09-17 21:22:08', '0', '0', '2025-09-17 22:07:08');
INSERT INTO `gps_logs` VALUES ('192', '10', '13.76454706', '100.52252602', null, '75.76', '71.37', '6.08', '2025-09-17 21:25:08', '0', '0', '2025-09-17 22:07:08');
INSERT INTO `gps_logs` VALUES ('193', '10', '13.77262102', '100.52104048', null, '46.85', '218.06', '4.48', '2025-09-17 21:28:08', '0', '0', '2025-09-17 22:07:08');
INSERT INTO `gps_logs` VALUES ('194', '10', '13.77087340', '100.50639019', null, '53.21', '317.34', '5.21', '2025-09-17 21:31:08', '0', '0', '2025-09-17 22:07:08');
INSERT INTO `gps_logs` VALUES ('195', '10', '13.77985332', '100.51129036', null, '29.81', '0.13', '5.75', '2025-09-17 21:34:08', '0', '0', '2025-09-17 22:07:08');
INSERT INTO `gps_logs` VALUES ('196', '10', '13.76639193', '100.51722493', null, '77.22', '29.15', '3.54', '2025-09-17 21:37:08', '0', '0', '2025-09-17 22:07:08');
INSERT INTO `gps_logs` VALUES ('197', '10', '13.77075180', '100.52119648', null, '43.43', '176.02', '4.79', '2025-09-17 21:40:08', '0', '0', '2025-09-17 22:07:08');
INSERT INTO `gps_logs` VALUES ('198', '10', '13.78121062', '100.51436309', null, '67.72', '64.09', '3.83', '2025-09-17 21:43:08', '0', '0', '2025-09-17 22:07:08');
INSERT INTO `gps_logs` VALUES ('199', '10', '13.78299036', '100.52347368', null, '79.04', '272.65', '7.91', '2025-09-17 21:46:08', '0', '0', '2025-09-17 22:07:08');
INSERT INTO `gps_logs` VALUES ('200', '10', '13.78490557', '100.51230709', null, '64.46', '289.23', '3.48', '2025-09-17 21:49:08', '0', '0', '2025-09-17 22:07:08');
INSERT INTO `gps_logs` VALUES ('201', '1', '13.76290473', '100.49646248', null, '76.49', '137.20', '6.72', '2025-09-17 20:21:10', '0', '0', '2025-09-17 22:21:10');
INSERT INTO `gps_logs` VALUES ('202', '1', '13.74910531', '100.49790163', null, '50.77', '15.79', '7.80', '2025-09-17 20:24:10', '0', '0', '2025-09-17 22:21:10');
INSERT INTO `gps_logs` VALUES ('203', '1', '13.76815077', '100.50509597', null, '58.54', '279.34', '3.71', '2025-09-17 20:27:10', '0', '0', '2025-09-17 22:21:10');
INSERT INTO `gps_logs` VALUES ('204', '1', '13.75523542', '100.51468322', null, '47.26', '312.87', '4.73', '2025-09-17 20:30:10', '0', '0', '2025-09-17 22:21:10');
INSERT INTO `gps_logs` VALUES ('205', '1', '13.75139703', '100.49644395', null, '24.76', '17.67', '7.98', '2025-09-17 20:33:10', '0', '0', '2025-09-17 22:21:10');
INSERT INTO `gps_logs` VALUES ('206', '1', '13.75644155', '100.50964706', null, '36.49', '55.53', '5.59', '2025-09-17 20:36:10', '0', '0', '2025-09-17 22:21:10');
INSERT INTO `gps_logs` VALUES ('207', '1', '13.76634248', '100.51064444', null, '73.22', '168.09', '5.37', '2025-09-17 20:39:10', '0', '0', '2025-09-17 22:21:10');
INSERT INTO `gps_logs` VALUES ('208', '1', '13.76599137', '100.50954669', null, '70.51', '99.69', '3.90', '2025-09-17 20:42:10', '0', '0', '2025-09-17 22:21:10');
INSERT INTO `gps_logs` VALUES ('209', '1', '13.76513848', '100.50106850', null, '71.35', '324.57', '4.54', '2025-09-17 20:45:10', '0', '0', '2025-09-17 22:21:10');
INSERT INTO `gps_logs` VALUES ('210', '1', '13.76138736', '100.50499879', null, '35.54', '354.11', '4.14', '2025-09-17 20:48:10', '0', '0', '2025-09-17 22:21:10');
INSERT INTO `gps_logs` VALUES ('211', '1', '13.76662291', '100.52058168', null, '60.66', '80.14', '5.58', '2025-09-17 20:51:10', '0', '0', '2025-09-17 22:21:10');
INSERT INTO `gps_logs` VALUES ('212', '1', '13.76864275', '100.51094843', null, '28.62', '258.74', '4.90', '2025-09-17 20:54:10', '0', '0', '2025-09-17 22:21:10');
INSERT INTO `gps_logs` VALUES ('213', '1', '13.76827455', '100.50793893', null, '34.53', '25.75', '4.95', '2025-09-17 20:57:10', '0', '0', '2025-09-17 22:21:10');
INSERT INTO `gps_logs` VALUES ('214', '1', '13.77084928', '100.50843876', null, '26.52', '166.13', '6.44', '2025-09-17 21:00:10', '0', '0', '2025-09-17 22:21:10');
INSERT INTO `gps_logs` VALUES ('215', '1', '13.77291656', '100.50855936', null, '48.82', '288.48', '4.72', '2025-09-17 21:03:10', '0', '0', '2025-09-17 22:21:10');
INSERT INTO `gps_logs` VALUES ('216', '1', '13.78098914', '100.52111055', null, '54.83', '159.25', '6.66', '2025-09-17 21:06:10', '0', '0', '2025-09-17 22:21:10');
INSERT INTO `gps_logs` VALUES ('217', '1', '13.76394249', '100.51686803', null, '31.73', '333.47', '7.90', '2025-09-17 21:09:10', '0', '0', '2025-09-17 22:21:10');
INSERT INTO `gps_logs` VALUES ('218', '1', '13.77331975', '100.50914270', null, '29.20', '140.83', '4.58', '2025-09-17 21:12:10', '0', '0', '2025-09-17 22:21:10');
INSERT INTO `gps_logs` VALUES ('219', '1', '13.77005580', '100.51543842', null, '53.60', '251.33', '5.77', '2025-09-17 21:15:10', '0', '0', '2025-09-17 22:21:10');
INSERT INTO `gps_logs` VALUES ('220', '1', '13.78423238', '100.52313309', null, '30.63', '317.66', '3.35', '2025-09-17 21:18:10', '0', '0', '2025-09-17 22:21:10');
INSERT INTO `gps_logs` VALUES ('221', '2', '13.74948064', '100.50074213', null, '53.84', '75.35', '7.89', '2025-09-17 20:26:10', '0', '0', '2025-09-17 22:21:10');
INSERT INTO `gps_logs` VALUES ('222', '2', '13.75673875', '100.50795552', null, '39.98', '59.02', '3.76', '2025-09-17 20:29:10', '0', '0', '2025-09-17 22:21:10');
INSERT INTO `gps_logs` VALUES ('223', '2', '13.75630208', '100.50374859', null, '71.58', '214.34', '7.55', '2025-09-17 20:32:10', '0', '0', '2025-09-17 22:21:10');
INSERT INTO `gps_logs` VALUES ('224', '2', '13.75977066', '100.50995235', null, '32.75', '204.56', '7.45', '2025-09-17 20:35:10', '0', '0', '2025-09-17 22:21:10');
INSERT INTO `gps_logs` VALUES ('225', '2', '13.75261645', '100.51036514', null, '79.29', '343.48', '6.80', '2025-09-17 20:38:10', '0', '0', '2025-09-17 22:21:10');
INSERT INTO `gps_logs` VALUES ('226', '2', '13.76302551', '100.50172902', null, '27.37', '57.50', '4.18', '2025-09-17 20:41:10', '0', '0', '2025-09-17 22:21:10');
INSERT INTO `gps_logs` VALUES ('227', '2', '13.76770861', '100.49911841', null, '34.31', '356.84', '5.98', '2025-09-17 20:44:10', '0', '0', '2025-09-17 22:21:10');
INSERT INTO `gps_logs` VALUES ('228', '2', '13.75626645', '100.50226841', null, '38.37', '170.20', '7.86', '2025-09-17 20:47:10', '0', '0', '2025-09-17 22:21:10');
INSERT INTO `gps_logs` VALUES ('229', '2', '13.77188275', '100.50052684', null, '64.50', '40.46', '5.14', '2025-09-17 20:50:10', '0', '0', '2025-09-17 22:21:10');
INSERT INTO `gps_logs` VALUES ('230', '2', '13.76087920', '100.50110727', null, '71.18', '268.46', '4.19', '2025-09-17 20:53:10', '0', '0', '2025-09-17 22:21:10');
INSERT INTO `gps_logs` VALUES ('231', '2', '13.75943275', '100.50490582', null, '40.80', '9.54', '3.11', '2025-09-17 20:56:10', '0', '0', '2025-09-17 22:21:10');
INSERT INTO `gps_logs` VALUES ('232', '2', '13.77495624', '100.52065913', null, '69.04', '52.99', '6.57', '2025-09-17 20:59:10', '0', '0', '2025-09-17 22:21:10');
INSERT INTO `gps_logs` VALUES ('233', '2', '13.77636330', '100.51741880', null, '75.89', '243.44', '7.37', '2025-09-17 21:02:10', '0', '0', '2025-09-17 22:21:10');
INSERT INTO `gps_logs` VALUES ('234', '2', '13.76386807', '100.52320589', null, '53.92', '135.41', '6.78', '2025-09-17 21:05:10', '0', '0', '2025-09-17 22:21:10');
INSERT INTO `gps_logs` VALUES ('235', '2', '13.77614411', '100.51391684', null, '37.63', '12.86', '6.01', '2025-09-17 21:08:10', '0', '0', '2025-09-17 22:21:10');
INSERT INTO `gps_logs` VALUES ('236', '2', '13.77076110', '100.51332136', null, '58.26', '355.29', '3.50', '2025-09-17 21:11:10', '0', '0', '2025-09-17 22:21:10');
INSERT INTO `gps_logs` VALUES ('237', '2', '13.76930748', '100.51870730', null, '50.08', '259.41', '3.26', '2025-09-17 21:14:10', '0', '0', '2025-09-17 22:21:10');
INSERT INTO `gps_logs` VALUES ('238', '2', '13.76662272', '100.51433686', null, '68.44', '292.50', '6.80', '2025-09-17 21:17:10', '0', '0', '2025-09-17 22:21:10');
INSERT INTO `gps_logs` VALUES ('239', '2', '13.77261198', '100.52606443', null, '75.82', '249.80', '7.18', '2025-09-17 21:20:10', '0', '0', '2025-09-17 22:21:10');
INSERT INTO `gps_logs` VALUES ('240', '2', '13.76719064', '100.52372918', null, '31.37', '177.02', '5.65', '2025-09-17 21:23:10', '0', '0', '2025-09-17 22:21:10');
INSERT INTO `gps_logs` VALUES ('241', '3', '13.74639844', '100.50903942', null, '32.77', '125.45', '4.02', '2025-09-17 20:31:10', '0', '0', '2025-09-17 22:21:10');
INSERT INTO `gps_logs` VALUES ('242', '3', '13.76134054', '100.50932639', null, '27.36', '79.28', '3.02', '2025-09-17 20:34:10', '0', '0', '2025-09-17 22:21:10');
INSERT INTO `gps_logs` VALUES ('243', '3', '13.76527707', '100.49689489', null, '29.12', '344.10', '5.33', '2025-09-17 20:37:10', '0', '0', '2025-09-17 22:21:10');
INSERT INTO `gps_logs` VALUES ('244', '3', '13.76834878', '100.51172361', null, '50.69', '335.27', '4.14', '2025-09-17 20:40:10', '0', '0', '2025-09-17 22:21:10');
INSERT INTO `gps_logs` VALUES ('245', '3', '13.76034904', '100.49688781', null, '48.07', '144.34', '4.73', '2025-09-17 20:43:10', '0', '0', '2025-09-17 22:21:10');
INSERT INTO `gps_logs` VALUES ('246', '3', '13.77070964', '100.51449098', null, '40.57', '257.62', '7.32', '2025-09-17 20:46:10', '0', '0', '2025-09-17 22:21:10');
INSERT INTO `gps_logs` VALUES ('247', '3', '13.75799290', '100.51749929', null, '25.22', '127.09', '6.03', '2025-09-17 20:49:10', '0', '0', '2025-09-17 22:21:10');
INSERT INTO `gps_logs` VALUES ('248', '3', '13.76643209', '100.50626146', null, '21.97', '238.52', '7.27', '2025-09-17 20:52:10', '0', '0', '2025-09-17 22:21:10');
INSERT INTO `gps_logs` VALUES ('249', '3', '13.76034649', '100.51232022', null, '79.59', '256.70', '3.90', '2025-09-17 20:55:10', '0', '0', '2025-09-17 22:21:10');
INSERT INTO `gps_logs` VALUES ('250', '3', '13.76397680', '100.51290168', null, '60.35', '248.43', '6.00', '2025-09-17 20:58:10', '0', '0', '2025-09-17 22:21:10');
INSERT INTO `gps_logs` VALUES ('251', '3', '13.77204091', '100.51119706', null, '25.76', '305.40', '7.99', '2025-09-17 21:01:10', '0', '0', '2025-09-17 22:21:10');
INSERT INTO `gps_logs` VALUES ('252', '3', '13.77110707', '100.52020522', null, '30.33', '106.49', '7.41', '2025-09-17 21:04:10', '0', '0', '2025-09-17 22:21:10');
INSERT INTO `gps_logs` VALUES ('253', '3', '13.77175814', '100.50704368', null, '31.12', '323.97', '4.77', '2025-09-17 21:07:10', '0', '0', '2025-09-17 22:21:10');
INSERT INTO `gps_logs` VALUES ('254', '3', '13.76017116', '100.51587755', null, '58.42', '91.53', '4.84', '2025-09-17 21:10:10', '0', '0', '2025-09-17 22:21:10');
INSERT INTO `gps_logs` VALUES ('255', '3', '13.76812210', '100.52048657', null, '70.72', '41.68', '6.88', '2025-09-17 21:13:10', '0', '0', '2025-09-17 22:21:10');
INSERT INTO `gps_logs` VALUES ('256', '3', '13.76441988', '100.51985733', null, '32.92', '257.58', '5.73', '2025-09-17 21:16:10', '0', '0', '2025-09-17 22:21:10');
INSERT INTO `gps_logs` VALUES ('257', '3', '13.76880536', '100.51259563', null, '55.93', '125.85', '6.49', '2025-09-17 21:19:10', '0', '0', '2025-09-17 22:21:10');
INSERT INTO `gps_logs` VALUES ('258', '3', '13.77424498', '100.52674839', null, '40.59', '200.30', '7.53', '2025-09-17 21:22:10', '0', '0', '2025-09-17 22:21:10');
INSERT INTO `gps_logs` VALUES ('259', '3', '13.78213234', '100.51051775', null, '62.25', '284.19', '4.43', '2025-09-17 21:25:10', '0', '0', '2025-09-17 22:21:10');
INSERT INTO `gps_logs` VALUES ('260', '3', '13.76793923', '100.51997863', null, '70.80', '55.79', '5.67', '2025-09-17 21:28:10', '0', '0', '2025-09-17 22:21:10');
INSERT INTO `gps_logs` VALUES ('261', '4', '13.75758837', '100.49188671', null, '59.19', '238.56', '4.38', '2025-09-17 20:36:10', '0', '0', '2025-09-17 22:21:10');
INSERT INTO `gps_logs` VALUES ('262', '4', '13.75339593', '100.50163528', null, '21.19', '64.25', '6.22', '2025-09-17 20:39:10', '0', '0', '2025-09-17 22:21:10');
INSERT INTO `gps_logs` VALUES ('263', '4', '13.75304845', '100.49931617', null, '41.59', '339.70', '7.86', '2025-09-17 20:42:10', '0', '0', '2025-09-17 22:21:10');
INSERT INTO `gps_logs` VALUES ('264', '4', '13.76745471', '100.51250205', null, '54.42', '144.70', '3.88', '2025-09-17 20:45:10', '0', '0', '2025-09-17 22:21:10');
INSERT INTO `gps_logs` VALUES ('265', '4', '13.75069776', '100.51194489', null, '61.72', '131.68', '6.29', '2025-09-17 20:48:10', '0', '0', '2025-09-17 22:21:10');
INSERT INTO `gps_logs` VALUES ('266', '4', '13.77099796', '100.50401864', null, '79.02', '35.84', '3.97', '2025-09-17 20:51:10', '0', '0', '2025-09-17 22:21:10');
INSERT INTO `gps_logs` VALUES ('267', '4', '13.75830396', '100.50858955', null, '69.32', '294.14', '3.98', '2025-09-17 20:54:10', '0', '0', '2025-09-17 22:21:10');
INSERT INTO `gps_logs` VALUES ('268', '4', '13.76112542', '100.51819681', null, '49.21', '134.41', '5.72', '2025-09-17 20:57:10', '0', '0', '2025-09-17 22:21:10');
INSERT INTO `gps_logs` VALUES ('269', '4', '13.76715741', '100.50861307', null, '34.47', '36.26', '3.21', '2025-09-17 21:00:10', '0', '0', '2025-09-17 22:21:10');
INSERT INTO `gps_logs` VALUES ('270', '4', '13.76099434', '100.50395116', null, '62.72', '135.82', '7.70', '2025-09-17 21:03:10', '0', '0', '2025-09-17 22:21:10');
INSERT INTO `gps_logs` VALUES ('271', '4', '13.77462332', '100.51313224', null, '59.26', '302.12', '6.40', '2025-09-17 21:06:10', '0', '0', '2025-09-17 22:21:10');
INSERT INTO `gps_logs` VALUES ('272', '4', '13.76599961', '100.51104037', null, '47.71', '72.57', '3.17', '2025-09-17 21:09:10', '0', '0', '2025-09-17 22:21:10');
INSERT INTO `gps_logs` VALUES ('273', '4', '13.77638352', '100.51395818', null, '54.78', '284.52', '6.06', '2025-09-17 21:12:10', '0', '0', '2025-09-17 22:21:10');
INSERT INTO `gps_logs` VALUES ('274', '4', '13.75968525', '100.51674757', null, '65.42', '184.90', '7.50', '2025-09-17 21:15:10', '0', '0', '2025-09-17 22:21:10');
INSERT INTO `gps_logs` VALUES ('275', '4', '13.77209884', '100.51691782', null, '59.49', '158.21', '5.89', '2025-09-17 21:18:10', '0', '0', '2025-09-17 22:21:10');
INSERT INTO `gps_logs` VALUES ('276', '4', '13.77714497', '100.52596313', null, '74.91', '74.36', '7.93', '2025-09-17 21:21:10', '0', '0', '2025-09-17 22:21:10');
INSERT INTO `gps_logs` VALUES ('277', '4', '13.77042887', '100.52559947', null, '36.78', '131.31', '3.72', '2025-09-17 21:24:10', '0', '0', '2025-09-17 22:21:10');
INSERT INTO `gps_logs` VALUES ('278', '4', '13.76860122', '100.52322244', null, '67.76', '285.36', '6.50', '2025-09-17 21:27:10', '0', '0', '2025-09-17 22:21:10');
INSERT INTO `gps_logs` VALUES ('279', '4', '13.77539156', '100.51611851', null, '40.16', '159.68', '4.52', '2025-09-17 21:30:10', '0', '0', '2025-09-17 22:21:10');
INSERT INTO `gps_logs` VALUES ('280', '4', '13.78496050', '100.52440832', null, '70.34', '185.62', '3.71', '2025-09-17 21:33:10', '0', '0', '2025-09-17 22:21:10');
INSERT INTO `gps_logs` VALUES ('281', '5', '13.75140878', '100.49683583', null, '67.90', '353.96', '5.34', '2025-09-17 20:41:10', '0', '0', '2025-09-17 22:21:10');
INSERT INTO `gps_logs` VALUES ('282', '5', '13.76586911', '100.49972736', null, '24.47', '88.60', '4.37', '2025-09-17 20:44:10', '0', '0', '2025-09-17 22:21:10');
INSERT INTO `gps_logs` VALUES ('283', '5', '13.76817269', '100.49944605', null, '38.60', '309.56', '6.46', '2025-09-17 20:47:10', '0', '0', '2025-09-17 22:21:10');
INSERT INTO `gps_logs` VALUES ('284', '5', '13.76752462', '100.50743697', null, '79.03', '258.46', '7.10', '2025-09-17 20:50:10', '0', '0', '2025-09-17 22:21:10');
INSERT INTO `gps_logs` VALUES ('285', '5', '13.75625049', '100.51280698', null, '79.33', '46.95', '5.05', '2025-09-17 20:53:10', '0', '0', '2025-09-17 22:21:10');
INSERT INTO `gps_logs` VALUES ('286', '5', '13.75647699', '100.51083416', null, '79.36', '134.74', '6.00', '2025-09-17 20:56:10', '0', '0', '2025-09-17 22:21:10');
INSERT INTO `gps_logs` VALUES ('287', '5', '13.76516890', '100.51253713', null, '32.33', '205.01', '6.37', '2025-09-17 20:59:10', '0', '0', '2025-09-17 22:21:10');
INSERT INTO `gps_logs` VALUES ('288', '5', '13.75409741', '100.50511581', null, '30.24', '268.80', '7.77', '2025-09-17 21:02:10', '0', '0', '2025-09-17 22:21:10');
INSERT INTO `gps_logs` VALUES ('289', '5', '13.75539549', '100.51728248', null, '41.95', '287.97', '7.52', '2025-09-17 21:05:10', '0', '0', '2025-09-17 22:21:10');
INSERT INTO `gps_logs` VALUES ('290', '5', '13.76731180', '100.52021076', null, '20.59', '3.58', '7.64', '2025-09-17 21:08:10', '0', '0', '2025-09-17 22:21:10');
INSERT INTO `gps_logs` VALUES ('291', '5', '13.76914425', '100.51673052', null, '30.99', '62.25', '5.76', '2025-09-17 21:11:10', '0', '0', '2025-09-17 22:21:10');
INSERT INTO `gps_logs` VALUES ('292', '5', '13.76190481', '100.52013707', null, '47.85', '2.04', '3.47', '2025-09-17 21:14:10', '0', '0', '2025-09-17 22:21:10');
INSERT INTO `gps_logs` VALUES ('293', '5', '13.75853398', '100.51653217', null, '67.55', '150.04', '4.82', '2025-09-17 21:17:10', '0', '0', '2025-09-17 22:21:10');
INSERT INTO `gps_logs` VALUES ('294', '5', '13.77872978', '100.51675836', null, '55.74', '68.18', '4.43', '2025-09-17 21:20:10', '0', '0', '2025-09-17 22:21:10');
INSERT INTO `gps_logs` VALUES ('295', '5', '13.76659179', '100.50893155', null, '48.22', '276.98', '7.75', '2025-09-17 21:23:10', '0', '0', '2025-09-17 22:21:10');
INSERT INTO `gps_logs` VALUES ('296', '5', '13.77014384', '100.52317651', null, '31.63', '310.79', '6.42', '2025-09-17 21:26:10', '0', '0', '2025-09-17 22:21:10');
INSERT INTO `gps_logs` VALUES ('297', '5', '13.77079417', '100.51778601', null, '49.69', '253.83', '5.25', '2025-09-17 21:29:10', '0', '0', '2025-09-17 22:21:10');
INSERT INTO `gps_logs` VALUES ('298', '5', '13.78254729', '100.52769357', null, '64.53', '322.06', '3.68', '2025-09-17 21:32:10', '0', '0', '2025-09-17 22:21:10');
INSERT INTO `gps_logs` VALUES ('299', '5', '13.77447555', '100.52159310', null, '44.11', '325.47', '6.91', '2025-09-17 21:35:10', '0', '0', '2025-09-17 22:21:10');
INSERT INTO `gps_logs` VALUES ('300', '5', '13.77859384', '100.51138592', null, '23.38', '253.82', '5.45', '2025-09-17 21:38:10', '0', '0', '2025-09-17 22:21:10');
INSERT INTO `gps_logs` VALUES ('301', '6', '13.76108612', '100.51130358', null, '67.37', '232.13', '3.53', '2025-09-17 20:46:10', '0', '0', '2025-09-17 22:21:10');
INSERT INTO `gps_logs` VALUES ('302', '6', '13.75332887', '100.49734323', null, '44.88', '121.38', '6.18', '2025-09-17 20:49:10', '0', '0', '2025-09-17 22:21:10');
INSERT INTO `gps_logs` VALUES ('303', '6', '13.76348590', '100.50188374', null, '46.46', '159.06', '5.17', '2025-09-17 20:52:10', '0', '0', '2025-09-17 22:21:10');
INSERT INTO `gps_logs` VALUES ('304', '6', '13.75020739', '100.49763747', null, '50.09', '80.21', '7.05', '2025-09-17 20:55:10', '0', '0', '2025-09-17 22:21:10');
INSERT INTO `gps_logs` VALUES ('305', '6', '13.75430216', '100.51271553', null, '52.18', '145.34', '5.41', '2025-09-17 20:58:10', '0', '0', '2025-09-17 22:21:10');
INSERT INTO `gps_logs` VALUES ('306', '6', '13.76245660', '100.51011039', null, '34.22', '162.03', '5.72', '2025-09-17 21:01:10', '0', '0', '2025-09-17 22:21:10');
INSERT INTO `gps_logs` VALUES ('307', '6', '13.77212935', '100.50642236', null, '73.18', '21.65', '6.49', '2025-09-17 21:04:10', '0', '0', '2025-09-17 22:21:10');
INSERT INTO `gps_logs` VALUES ('308', '6', '13.75479656', '100.50923138', null, '61.39', '344.10', '5.27', '2025-09-17 21:07:10', '0', '0', '2025-09-17 22:21:10');
INSERT INTO `gps_logs` VALUES ('309', '6', '13.75739477', '100.50807979', null, '51.71', '124.50', '5.94', '2025-09-17 21:10:10', '0', '0', '2025-09-17 22:21:10');
INSERT INTO `gps_logs` VALUES ('310', '6', '13.76140411', '100.50495584', null, '49.07', '81.73', '5.48', '2025-09-17 21:13:10', '0', '0', '2025-09-17 22:21:10');
INSERT INTO `gps_logs` VALUES ('311', '6', '13.77325688', '100.50890432', null, '74.78', '123.98', '6.73', '2025-09-17 21:16:10', '0', '0', '2025-09-17 22:21:10');
INSERT INTO `gps_logs` VALUES ('312', '6', '13.76768013', '100.51115329', null, '57.42', '327.74', '7.12', '2025-09-17 21:19:10', '0', '0', '2025-09-17 22:21:10');
INSERT INTO `gps_logs` VALUES ('313', '6', '13.76900803', '100.51819907', null, '73.77', '354.49', '3.45', '2025-09-17 21:22:10', '0', '0', '2025-09-17 22:21:10');
INSERT INTO `gps_logs` VALUES ('314', '6', '13.77124473', '100.51600586', null, '52.05', '226.53', '6.36', '2025-09-17 21:25:10', '0', '0', '2025-09-17 22:21:10');
INSERT INTO `gps_logs` VALUES ('315', '6', '13.77983468', '100.52490832', null, '65.64', '354.84', '4.96', '2025-09-17 21:28:10', '0', '0', '2025-09-17 22:21:10');
INSERT INTO `gps_logs` VALUES ('316', '6', '13.76587462', '100.51195491', null, '43.77', '336.33', '7.58', '2025-09-17 21:31:10', '0', '0', '2025-09-17 22:21:10');
INSERT INTO `gps_logs` VALUES ('317', '6', '13.76961879', '100.51730003', null, '47.15', '155.73', '4.28', '2025-09-17 21:34:10', '0', '0', '2025-09-17 22:21:10');
INSERT INTO `gps_logs` VALUES ('318', '6', '13.76831670', '100.51608732', null, '48.86', '272.02', '4.11', '2025-09-17 21:37:10', '0', '0', '2025-09-17 22:21:10');
INSERT INTO `gps_logs` VALUES ('319', '6', '13.77485464', '100.51094262', null, '73.42', '359.28', '6.63', '2025-09-17 21:40:10', '0', '0', '2025-09-17 22:21:10');
INSERT INTO `gps_logs` VALUES ('320', '6', '13.78248829', '100.51681081', null, '27.71', '108.94', '7.39', '2025-09-17 21:43:10', '0', '0', '2025-09-17 22:21:10');
INSERT INTO `gps_logs` VALUES ('321', '7', '13.76497187', '100.50559712', null, '73.22', '162.94', '6.95', '2025-09-17 20:51:10', '0', '0', '2025-09-17 22:21:10');
INSERT INTO `gps_logs` VALUES ('322', '7', '13.75040780', '100.50811055', null, '73.93', '41.54', '5.72', '2025-09-17 20:54:10', '0', '0', '2025-09-17 22:21:10');
INSERT INTO `gps_logs` VALUES ('323', '7', '13.75273125', '100.51262101', null, '54.32', '39.56', '5.93', '2025-09-17 20:57:10', '0', '0', '2025-09-17 22:21:10');
INSERT INTO `gps_logs` VALUES ('324', '7', '13.75633586', '100.50198252', null, '66.75', '15.34', '3.64', '2025-09-17 21:00:10', '0', '0', '2025-09-17 22:21:10');
INSERT INTO `gps_logs` VALUES ('325', '7', '13.76747687', '100.50447770', null, '71.47', '72.19', '4.88', '2025-09-17 21:03:10', '0', '0', '2025-09-17 22:21:10');
INSERT INTO `gps_logs` VALUES ('326', '7', '13.76275765', '100.50262610', null, '38.17', '8.03', '6.87', '2025-09-17 21:06:10', '0', '0', '2025-09-17 22:21:10');
INSERT INTO `gps_logs` VALUES ('327', '7', '13.76555059', '100.51526921', null, '29.15', '306.51', '4.92', '2025-09-17 21:09:10', '0', '0', '2025-09-17 22:21:10');
INSERT INTO `gps_logs` VALUES ('328', '7', '13.76233396', '100.51661971', null, '26.98', '237.85', '3.61', '2025-09-17 21:12:10', '0', '0', '2025-09-17 22:21:10');
INSERT INTO `gps_logs` VALUES ('329', '7', '13.76964556', '100.51324532', null, '32.27', '202.51', '3.78', '2025-09-17 21:15:10', '0', '0', '2025-09-17 22:21:10');
INSERT INTO `gps_logs` VALUES ('330', '7', '13.77308724', '100.51641847', null, '72.49', '241.33', '7.45', '2025-09-17 21:18:10', '0', '0', '2025-09-17 22:21:10');
INSERT INTO `gps_logs` VALUES ('331', '7', '13.77136027', '100.50200039', null, '50.33', '142.87', '3.38', '2025-09-17 21:21:10', '0', '0', '2025-09-17 22:21:10');
INSERT INTO `gps_logs` VALUES ('332', '7', '13.76174484', '100.51180433', null, '67.84', '285.96', '4.08', '2025-09-17 21:24:10', '0', '0', '2025-09-17 22:21:10');
INSERT INTO `gps_logs` VALUES ('333', '7', '13.76313049', '100.52205629', null, '34.93', '254.86', '7.31', '2025-09-17 21:27:10', '0', '0', '2025-09-17 22:21:10');
INSERT INTO `gps_logs` VALUES ('334', '7', '13.76650723', '100.52252327', null, '41.13', '9.59', '3.14', '2025-09-17 21:30:10', '0', '0', '2025-09-17 22:21:10');
INSERT INTO `gps_logs` VALUES ('335', '7', '13.76519619', '100.51025154', null, '32.41', '208.01', '5.38', '2025-09-17 21:33:10', '0', '0', '2025-09-17 22:21:10');
INSERT INTO `gps_logs` VALUES ('336', '7', '13.77969221', '100.51856711', null, '21.79', '49.05', '5.42', '2025-09-17 21:36:10', '0', '0', '2025-09-17 22:21:10');
INSERT INTO `gps_logs` VALUES ('337', '7', '13.76392281', '100.51869093', null, '25.35', '302.24', '3.86', '2025-09-17 21:39:10', '0', '0', '2025-09-17 22:21:10');
INSERT INTO `gps_logs` VALUES ('338', '7', '13.76376981', '100.51217237', null, '78.11', '273.14', '6.22', '2025-09-17 21:42:10', '0', '0', '2025-09-17 22:21:10');
INSERT INTO `gps_logs` VALUES ('339', '7', '13.76837520', '100.51534870', null, '38.38', '254.14', '4.86', '2025-09-17 21:45:10', '0', '0', '2025-09-17 22:21:10');
INSERT INTO `gps_logs` VALUES ('340', '7', '13.77091592', '100.52178691', null, '39.86', '143.01', '7.97', '2025-09-17 21:48:10', '0', '0', '2025-09-17 22:21:10');
INSERT INTO `gps_logs` VALUES ('341', '8', '13.76236568', '100.50268160', null, '78.41', '56.82', '6.68', '2025-09-17 20:56:10', '0', '0', '2025-09-17 22:21:10');
INSERT INTO `gps_logs` VALUES ('342', '8', '13.75187870', '100.50228975', null, '78.31', '160.39', '4.38', '2025-09-17 20:59:10', '0', '0', '2025-09-17 22:21:10');
INSERT INTO `gps_logs` VALUES ('343', '8', '13.76578058', '100.50072171', null, '48.66', '321.81', '7.98', '2025-09-17 21:02:10', '0', '0', '2025-09-17 22:21:10');
INSERT INTO `gps_logs` VALUES ('344', '8', '13.76870175', '100.51185574', null, '57.52', '180.79', '5.02', '2025-09-17 21:05:10', '0', '0', '2025-09-17 22:21:10');
INSERT INTO `gps_logs` VALUES ('345', '8', '13.76963729', '100.51326156', null, '72.88', '82.60', '6.97', '2025-09-17 21:08:10', '0', '0', '2025-09-17 22:21:10');
INSERT INTO `gps_logs` VALUES ('346', '8', '13.75421590', '100.50343030', null, '71.06', '170.25', '4.45', '2025-09-17 21:11:10', '0', '0', '2025-09-17 22:21:10');
INSERT INTO `gps_logs` VALUES ('347', '8', '13.76952766', '100.51375473', null, '40.77', '162.63', '4.73', '2025-09-17 21:14:10', '0', '0', '2025-09-17 22:21:10');
INSERT INTO `gps_logs` VALUES ('348', '8', '13.76893517', '100.50908187', null, '38.03', '6.43', '5.94', '2025-09-17 21:17:10', '0', '0', '2025-09-17 22:21:10');
INSERT INTO `gps_logs` VALUES ('349', '8', '13.76625018', '100.51867878', null, '73.50', '143.06', '6.42', '2025-09-17 21:20:10', '0', '0', '2025-09-17 22:21:10');
INSERT INTO `gps_logs` VALUES ('350', '8', '13.77010963', '100.51781598', null, '67.79', '69.17', '7.95', '2025-09-17 21:23:10', '0', '0', '2025-09-17 22:21:10');
INSERT INTO `gps_logs` VALUES ('351', '8', '13.77169977', '100.50441672', null, '61.29', '304.92', '7.60', '2025-09-17 21:26:10', '0', '0', '2025-09-17 22:21:10');
INSERT INTO `gps_logs` VALUES ('352', '8', '13.75938984', '100.52052339', null, '72.12', '240.38', '3.52', '2025-09-17 21:29:10', '0', '0', '2025-09-17 22:21:10');
INSERT INTO `gps_logs` VALUES ('353', '8', '13.76654550', '100.52035555', null, '67.97', '248.52', '5.01', '2025-09-17 21:32:10', '0', '0', '2025-09-17 22:21:10');
INSERT INTO `gps_logs` VALUES ('354', '8', '13.76581637', '100.52286015', null, '61.51', '145.79', '3.61', '2025-09-17 21:35:10', '0', '0', '2025-09-17 22:21:10');
INSERT INTO `gps_logs` VALUES ('355', '8', '13.76429146', '100.50698904', null, '78.55', '11.53', '3.92', '2025-09-17 21:38:10', '0', '0', '2025-09-17 22:21:10');
INSERT INTO `gps_logs` VALUES ('356', '8', '13.77188645', '100.52176782', null, '24.47', '238.82', '6.01', '2025-09-17 21:41:10', '0', '0', '2025-09-17 22:21:10');
INSERT INTO `gps_logs` VALUES ('357', '8', '13.77641954', '100.52301846', null, '71.00', '298.32', '6.79', '2025-09-17 21:44:10', '0', '0', '2025-09-17 22:21:10');
INSERT INTO `gps_logs` VALUES ('358', '8', '13.78035649', '100.50899847', null, '45.65', '147.74', '5.51', '2025-09-17 21:47:10', '0', '0', '2025-09-17 22:21:10');
INSERT INTO `gps_logs` VALUES ('359', '8', '13.78025309', '100.52180866', null, '76.68', '92.02', '5.77', '2025-09-17 21:50:10', '0', '0', '2025-09-17 22:21:10');
INSERT INTO `gps_logs` VALUES ('360', '8', '13.77992168', '100.52449727', null, '55.78', '232.62', '3.20', '2025-09-17 21:53:10', '0', '0', '2025-09-17 22:21:10');
INSERT INTO `gps_logs` VALUES ('361', '9', '13.74700735', '100.50667583', null, '29.13', '202.38', '3.54', '2025-09-17 21:01:10', '0', '0', '2025-09-17 22:21:10');
INSERT INTO `gps_logs` VALUES ('362', '9', '13.75943971', '100.49933570', null, '59.93', '53.37', '7.27', '2025-09-17 21:04:10', '0', '0', '2025-09-17 22:21:10');
INSERT INTO `gps_logs` VALUES ('363', '9', '13.74877902', '100.51344969', null, '46.37', '58.64', '3.28', '2025-09-17 21:07:10', '0', '0', '2025-09-17 22:21:10');
INSERT INTO `gps_logs` VALUES ('364', '9', '13.76744872', '100.49833802', null, '58.70', '140.94', '3.60', '2025-09-17 21:10:10', '0', '0', '2025-09-17 22:21:10');
INSERT INTO `gps_logs` VALUES ('365', '9', '13.75759650', '100.50777681', null, '70.06', '176.58', '6.20', '2025-09-17 21:13:10', '0', '0', '2025-09-17 22:21:10');
INSERT INTO `gps_logs` VALUES ('366', '9', '13.76892459', '100.50954343', null, '20.90', '206.57', '6.50', '2025-09-17 21:16:10', '0', '0', '2025-09-17 22:21:10');
INSERT INTO `gps_logs` VALUES ('367', '9', '13.75863390', '100.51358865', null, '49.69', '150.19', '7.31', '2025-09-17 21:19:10', '0', '0', '2025-09-17 22:21:10');
INSERT INTO `gps_logs` VALUES ('368', '9', '13.76149931', '100.51113809', null, '55.58', '83.39', '5.19', '2025-09-17 21:22:10', '0', '0', '2025-09-17 22:21:10');
INSERT INTO `gps_logs` VALUES ('369', '9', '13.77394319', '100.50891700', null, '57.85', '156.16', '6.76', '2025-09-17 21:25:10', '0', '0', '2025-09-17 22:21:10');
INSERT INTO `gps_logs` VALUES ('370', '9', '13.76551503', '100.51757839', null, '51.50', '209.98', '6.61', '2025-09-17 21:28:10', '0', '0', '2025-09-17 22:21:10');
INSERT INTO `gps_logs` VALUES ('371', '9', '13.76379125', '100.50296858', null, '48.99', '316.63', '4.15', '2025-09-17 21:31:10', '0', '0', '2025-09-17 22:21:10');
INSERT INTO `gps_logs` VALUES ('372', '9', '13.76742329', '100.51389551', null, '43.83', '215.38', '7.94', '2025-09-17 21:34:10', '0', '0', '2025-09-17 22:21:10');
INSERT INTO `gps_logs` VALUES ('373', '9', '13.77257921', '100.52168495', null, '71.73', '63.50', '3.62', '2025-09-17 21:37:10', '0', '0', '2025-09-17 22:21:10');
INSERT INTO `gps_logs` VALUES ('374', '9', '13.76777525', '100.51273204', null, '47.68', '312.61', '6.73', '2025-09-17 21:40:10', '0', '0', '2025-09-17 22:21:10');
INSERT INTO `gps_logs` VALUES ('375', '9', '13.77592355', '100.52281327', null, '77.54', '59.71', '3.33', '2025-09-17 21:43:10', '0', '0', '2025-09-17 22:21:10');
INSERT INTO `gps_logs` VALUES ('376', '9', '13.77821939', '100.52058436', null, '45.82', '17.50', '7.99', '2025-09-17 21:46:10', '0', '0', '2025-09-17 22:21:10');
INSERT INTO `gps_logs` VALUES ('377', '9', '13.77821526', '100.51071137', null, '61.64', '68.69', '3.96', '2025-09-17 21:49:10', '0', '0', '2025-09-17 22:21:10');
INSERT INTO `gps_logs` VALUES ('378', '9', '13.76452409', '100.52587751', null, '36.92', '75.72', '6.83', '2025-09-17 21:52:10', '0', '0', '2025-09-17 22:21:10');
INSERT INTO `gps_logs` VALUES ('379', '9', '13.76579517', '100.52287862', null, '36.57', '82.77', '3.21', '2025-09-17 21:55:10', '0', '0', '2025-09-17 22:21:10');
INSERT INTO `gps_logs` VALUES ('380', '9', '13.77661671', '100.52933491', null, '64.43', '118.57', '3.63', '2025-09-17 21:58:10', '0', '0', '2025-09-17 22:21:10');
INSERT INTO `gps_logs` VALUES ('381', '10', '13.76392314', '100.50624205', null, '46.17', '324.77', '5.00', '2025-09-17 21:06:10', '0', '0', '2025-09-17 22:21:10');
INSERT INTO `gps_logs` VALUES ('382', '10', '13.75337279', '100.50838837', null, '31.56', '155.59', '4.40', '2025-09-17 21:09:10', '0', '0', '2025-09-17 22:21:10');
INSERT INTO `gps_logs` VALUES ('383', '10', '13.75310257', '100.50313695', null, '78.00', '257.60', '7.51', '2025-09-17 21:12:10', '0', '0', '2025-09-17 22:21:10');
INSERT INTO `gps_logs` VALUES ('384', '10', '13.76412354', '100.50573711', null, '45.25', '216.74', '7.23', '2025-09-17 21:15:10', '0', '0', '2025-09-17 22:21:10');
INSERT INTO `gps_logs` VALUES ('385', '10', '13.76799440', '100.50143400', null, '54.72', '264.99', '3.77', '2025-09-17 21:18:10', '0', '0', '2025-09-17 22:21:10');
INSERT INTO `gps_logs` VALUES ('386', '10', '13.76182161', '100.50260438', null, '53.72', '65.23', '6.49', '2025-09-17 21:21:10', '0', '0', '2025-09-17 22:21:10');
INSERT INTO `gps_logs` VALUES ('387', '10', '13.75675622', '100.49977140', null, '29.99', '324.26', '3.53', '2025-09-17 21:24:10', '0', '0', '2025-09-17 22:21:10');
INSERT INTO `gps_logs` VALUES ('388', '10', '13.76490526', '100.50499961', null, '25.57', '150.19', '7.21', '2025-09-17 21:27:10', '0', '0', '2025-09-17 22:21:10');
INSERT INTO `gps_logs` VALUES ('389', '10', '13.76693337', '100.50490528', null, '28.69', '41.93', '7.78', '2025-09-17 21:30:10', '0', '0', '2025-09-17 22:21:10');
INSERT INTO `gps_logs` VALUES ('390', '10', '13.76459360', '100.50218909', null, '45.09', '263.99', '5.36', '2025-09-17 21:33:10', '0', '0', '2025-09-17 22:21:10');
INSERT INTO `gps_logs` VALUES ('391', '10', '13.76394431', '100.50396678', null, '46.43', '268.61', '4.79', '2025-09-17 21:36:10', '0', '0', '2025-09-17 22:21:10');
INSERT INTO `gps_logs` VALUES ('392', '10', '13.75997047', '100.51684324', null, '41.40', '140.75', '5.61', '2025-09-17 21:39:10', '0', '0', '2025-09-17 22:21:10');
INSERT INTO `gps_logs` VALUES ('393', '10', '13.76651544', '100.51200059', null, '49.19', '140.29', '4.84', '2025-09-17 21:42:10', '0', '0', '2025-09-17 22:21:10');
INSERT INTO `gps_logs` VALUES ('394', '10', '13.76099103', '100.50874696', null, '43.79', '113.08', '5.05', '2025-09-17 21:45:10', '0', '0', '2025-09-17 22:21:10');
INSERT INTO `gps_logs` VALUES ('395', '10', '13.76135377', '100.51923411', null, '61.05', '135.95', '7.05', '2025-09-17 21:48:10', '0', '0', '2025-09-17 22:21:10');
INSERT INTO `gps_logs` VALUES ('396', '10', '13.77075891', '100.51726334', null, '50.68', '40.91', '4.46', '2025-09-17 21:51:10', '0', '0', '2025-09-17 22:21:10');
INSERT INTO `gps_logs` VALUES ('397', '10', '13.77840507', '100.51604096', null, '71.76', '118.13', '5.75', '2025-09-17 21:54:10', '0', '0', '2025-09-17 22:21:10');
INSERT INTO `gps_logs` VALUES ('398', '10', '13.77741863', '100.51200711', null, '59.47', '57.42', '7.07', '2025-09-17 21:57:10', '0', '0', '2025-09-17 22:21:10');
INSERT INTO `gps_logs` VALUES ('399', '10', '13.77776929', '100.51164117', null, '30.79', '255.67', '5.46', '2025-09-17 22:00:10', '0', '0', '2025-09-17 22:21:10');
INSERT INTO `gps_logs` VALUES ('400', '10', '13.77046271', '100.52092458', null, '34.48', '355.95', '6.53', '2025-09-17 22:03:10', '0', '0', '2025-09-17 22:21:10');

-- ----------------------------
-- Table structure for routes
-- ----------------------------
DROP TABLE IF EXISTS `routes`;
CREATE TABLE `routes` (
  `id` int(11) NOT NULL AUTO_INCREMENT,
  `vehicle_id` int(11) NOT NULL,
  `start_latitude` decimal(10,8) NOT NULL,
  `start_longitude` decimal(11,8) NOT NULL,
  `end_latitude` decimal(10,8) NOT NULL,
  `end_longitude` decimal(11,8) NOT NULL,
  `start_time` timestamp NOT NULL,
  `end_time` timestamp NULL DEFAULT NULL,
  `total_distance` decimal(10,2) DEFAULT NULL,
  `total_duration` int(11) DEFAULT NULL,
  `average_speed` decimal(6,2) DEFAULT NULL,
  `max_speed` decimal(6,2) DEFAULT NULL,
  `idle_time` int(11) DEFAULT 0,
  `created_at` timestamp NULL DEFAULT current_timestamp(),
  PRIMARY KEY (`id`),
  KEY `idx_vehicle_id` (`vehicle_id`),
  KEY `idx_start_time` (`start_time`),
  KEY `idx_end_time` (`end_time`),
  CONSTRAINT `routes_ibfk_1` FOREIGN KEY (`vehicle_id`) REFERENCES `vehicles` (`id`) ON DELETE CASCADE
) ENGINE=InnoDB AUTO_INCREMENT=21 DEFAULT CHARSET=utf8mb4 COLLATE=utf8mb4_unicode_ci;

-- ----------------------------
-- Records of routes
-- ----------------------------
INSERT INTO `routes` VALUES ('1', '1', '13.76114809', '100.50427030', '13.76033265', '100.50890786', '2025-09-17 21:07:08', '2025-09-17 21:45:08', '28.10', '38', null, null, '0', '2025-09-17 22:07:08');
INSERT INTO `routes` VALUES ('2', '2', '13.76512893', '100.49371147', '13.76695157', '100.51009632', '2025-09-17 21:17:08', '2025-09-17 22:04:08', '39.12', '47', null, null, '0', '2025-09-17 22:07:08');
INSERT INTO `routes` VALUES ('3', '3', '13.75386598', '100.49949295', '13.75964030', '100.50782513', '2025-09-17 21:27:08', '2025-09-17 22:40:08', '22.01', '73', null, null, '0', '2025-09-17 22:07:08');
INSERT INTO `routes` VALUES ('4', '4', '13.74897821', '100.50794119', '13.76229647', '100.51967856', '2025-09-17 21:37:08', '2025-09-17 22:43:08', '12.17', '66', null, null, '0', '2025-09-17 22:07:08');
INSERT INTO `routes` VALUES ('5', '5', '13.76561794', '100.51123749', '13.77336212', '100.50247897', '2025-09-17 21:47:08', '2025-09-17 23:22:08', '16.08', '95', null, null, '0', '2025-09-17 22:07:08');
INSERT INTO `routes` VALUES ('6', '6', '13.75368278', '100.49233101', '13.75792255', '100.51250637', '2025-09-17 21:57:08', '2025-09-17 23:23:08', '5.06', '86', null, null, '0', '2025-09-17 22:07:08');
INSERT INTO `routes` VALUES ('7', '7', '13.75813608', '100.49967137', '13.77474226', '100.51280763', '2025-09-17 22:07:08', '2025-09-17 23:10:08', '34.91', '63', null, null, '0', '2025-09-17 22:07:08');
INSERT INTO `routes` VALUES ('8', '8', '13.75885208', '100.50137697', '13.75704079', '100.50800745', '2025-09-17 22:17:08', '2025-09-17 22:58:08', '6.54', '41', null, null, '0', '2025-09-17 22:07:08');
INSERT INTO `routes` VALUES ('9', '9', '13.74900581', '100.49835112', '13.75689567', '100.51334235', '2025-09-17 22:27:08', '2025-09-17 23:03:08', '5.58', '36', null, null, '0', '2025-09-17 22:07:08');
INSERT INTO `routes` VALUES ('10', '10', '13.75977566', '100.49943382', '13.75927295', '100.50308758', '2025-09-17 22:37:08', '2025-09-17 23:44:08', '48.22', '67', null, null, '0', '2025-09-17 22:07:08');
INSERT INTO `routes` VALUES ('11', '1', '13.74944235', '100.50002533', '13.76135662', '100.50446227', '2025-09-17 21:21:10', '2025-09-17 22:48:10', '35.92', '87', null, null, '0', '2025-09-17 22:21:10');
INSERT INTO `routes` VALUES ('12', '2', '13.76600846', '100.50009828', '13.77022604', '100.51865153', '2025-09-17 21:31:10', '2025-09-17 22:02:10', '36.80', '31', null, null, '0', '2025-09-17 22:21:10');
INSERT INTO `routes` VALUES ('13', '3', '13.76515766', '100.50501222', '13.76162502', '100.52114841', '2025-09-17 21:41:10', '2025-09-17 23:13:10', '5.20', '92', null, null, '0', '2025-09-17 22:21:10');
INSERT INTO `routes` VALUES ('14', '4', '13.75695573', '100.49420840', '13.75783609', '100.51863024', '2025-09-17 21:51:10', '2025-09-17 22:35:10', '13.43', '44', null, null, '0', '2025-09-17 22:21:10');
INSERT INTO `routes` VALUES ('15', '5', '13.76598626', '100.49557767', '13.76078105', '100.51190880', '2025-09-17 22:01:10', '2025-09-17 23:00:10', '17.31', '59', null, null, '0', '2025-09-17 22:21:10');
INSERT INTO `routes` VALUES ('16', '6', '13.75378660', '100.50540667', '13.77449033', '100.50419273', '2025-09-17 22:11:10', '2025-09-17 22:55:10', '29.39', '44', null, null, '0', '2025-09-17 22:21:10');
INSERT INTO `routes` VALUES ('17', '7', '13.75901376', '100.49275164', '13.77538707', '100.51638842', '2025-09-17 22:21:10', '2025-09-17 23:30:10', '5.75', '69', null, null, '0', '2025-09-17 22:21:10');
INSERT INTO `routes` VALUES ('18', '8', '13.76115553', '100.50766050', '13.76039929', '100.50481417', '2025-09-17 22:31:10', '2025-09-17 23:05:10', '30.61', '34', null, null, '0', '2025-09-17 22:21:10');
INSERT INTO `routes` VALUES ('19', '9', '13.76349663', '100.50886398', '13.75716790', '100.50457291', '2025-09-17 22:41:10', '2025-09-18 00:03:10', '17.14', '82', null, null, '0', '2025-09-17 22:21:10');
INSERT INTO `routes` VALUES ('20', '10', '13.74735723', '100.50227052', '13.77047157', '100.51344342', '2025-09-17 22:51:10', '2025-09-17 23:57:10', '46.14', '66', null, null, '0', '2025-09-17 22:21:10');

-- ----------------------------
-- Table structure for vehicles
-- ----------------------------
DROP TABLE IF EXISTS `vehicles`;
CREATE TABLE `vehicles` (
  `id` int(11) NOT NULL AUTO_INCREMENT,
  `vehicle_id` varchar(50) NOT NULL,
  `license_plate` varchar(20) DEFAULT NULL,
  `vehicle_type` enum('truck','van','motorcycle','car','bus') NOT NULL,
  `status` enum('active','inactive','maintenance','breakdown') DEFAULT 'active',
  `driver_name` varchar(100) DEFAULT NULL,
  `driver_phone` varchar(20) DEFAULT NULL,
  `created_at` timestamp NULL DEFAULT current_timestamp(),
  `updated_at` timestamp NULL DEFAULT current_timestamp() ON UPDATE current_timestamp(),
  PRIMARY KEY (`id`),
  UNIQUE KEY `vehicle_id` (`vehicle_id`),
  UNIQUE KEY `license_plate` (`license_plate`),
  KEY `idx_vehicle_id` (`vehicle_id`),
  KEY `idx_license_plate` (`license_plate`),
  KEY `idx_status` (`status`),
  KEY `idx_vehicle_type` (`vehicle_type`)
) ENGINE=InnoDB AUTO_INCREMENT=21 DEFAULT CHARSET=utf8mb4 COLLATE=utf8mb4_unicode_ci;

-- ----------------------------
-- Records of vehicles
-- ----------------------------
INSERT INTO `vehicles` VALUES ('1', 'VH001', 'ABC-1234', 'truck', 'active', 'Driver A', '081-234-5678', '2025-09-17 22:07:08', '2025-09-17 22:07:08');
INSERT INTO `vehicles` VALUES ('2', 'VH002', 'DEF-5678', 'truck', 'active', 'Driver B', '082-345-6789', '2025-09-17 22:07:08', '2025-09-17 22:07:08');
INSERT INTO `vehicles` VALUES ('3', 'VH003', 'GHI-9012', 'truck', 'active', 'Driver C', '083-456-7890', '2025-09-17 22:07:08', '2025-09-17 22:07:08');
INSERT INTO `vehicles` VALUES ('4', 'VH004', 'JKL-3456', 'truck', 'active', 'Driver D', '084-567-8901', '2025-09-17 22:07:08', '2025-09-17 22:07:08');
INSERT INTO `vehicles` VALUES ('5', 'VH005', 'MNO-7890', 'truck', 'active', 'Driver E', '085-678-9012', '2025-09-17 22:07:08', '2025-09-17 22:07:08');
INSERT INTO `vehicles` VALUES ('6', 'VH006', 'PQR-1234', 'van', 'active', 'Driver F', '086-789-0123', '2025-09-17 22:07:08', '2025-09-17 22:07:08');
INSERT INTO `vehicles` VALUES ('7', 'VH007', 'STU-5678', 'van', 'active', 'Driver G', '087-890-1234', '2025-09-17 22:07:08', '2025-09-17 22:07:08');
INSERT INTO `vehicles` VALUES ('8', 'VH008', 'VWX-9012', 'truck', 'active', 'Driver H', '088-901-2345', '2025-09-17 22:07:08', '2025-09-17 22:07:08');
INSERT INTO `vehicles` VALUES ('9', 'VH009', 'YZA-3456', 'truck', 'active', 'Driver I', '089-012-3456', '2025-09-17 22:07:08', '2025-09-17 22:07:08');
INSERT INTO `vehicles` VALUES ('10', 'VH010', 'BCD-7890', 'truck', 'active', 'Driver J', '090-123-4567', '2025-09-17 22:07:08', '2025-09-17 22:07:08');
